Workbook

Sheet Cornboard Final Data
A1: Pen | B1: Block | C1: Rep | D1: TRT | E1: Initial | F1: HCW | G1: CAFBW | H1: ADG | I1: DMI | J1: G:F | K1: F:G | L1: REA | M1: Yield Grade | N1: Fat | O1: Marbling
A2: 205 | B2: 1 | C2: 1 | D2: 10% MDGS Constant | E2: 572.4 | F2: 776.9 | G2: 1233.1746 | H2: 3.371299 | I2: 21.582642 | J2: 0.15620418 | K2: 6.4018773 | L2: 13.422 | M2: 3.097 | N2: 0.5228 | O2: 533.66667
A3: 206 | B3: 1 | C3: 1 | D3: 10% MDGS Variable | E3: 575.4 | F3: 772.1 | G3: 1232.1429 | H3: 3.359785 | I3: 20.595227 | J3: 0.16313416 | K3: 6.1299241 | L3: 14.018889 | M3: 3.3288889 | N3: 0.57314286 | O3: 485
A4: 207 | B4: 1 | C4: 1 | D4: Control | E4: 579 | F4: 802.2 | G4: 1273.3333 | H4: 3.542517 | I4: 21.495747 | J4: 0.16480083 | K4: 6.0679306 | L4: 13.707 | M4: 3.32 | N4: 0.60466667 | O4: 556.77778
A5: 208 | B5: 1 | C5: 1 | D5: 25% MDGS Variable | E5: 580.5 | F5: 816.5 | G5: 1296.0317 | H5: 3.6506722 | I5: 22.923741 | J5: 0.1592529 | K5: 6.2793205 | L5: 14.25 | M5: 3.35375 | N5: 0.63625 | O5: 547.875
A6: 209 | B6: 1 | C6: 1 | D6: 25% MDGS Constant | E6: 573.55556 | F6: 770.33333 | G6: 1222.7513 | H6: 3.3122233 | I6: 21.321409 | J6: 0.1553473 | K6: 6.4371895 | L6: 13.434444 | M6: 3.4633333 | N6: 0.672 | O6: 486.55556
A7: 210 | B7: 1 | C7: 2 | D7: 10% MDGS Constant | E7: 574.83333 | F7: 773.22222 | G7: 1227.3369 | H7: 3.3290996 | I7: 19.910352 | J7: 0.16720446 | K7: 5.9807017 | L7: 14.002222 | M7: 3.3622222 | N7: 0.64133333 | O7: 521
A8: 211 | B8: 1 | C8: 2 | D8: Control | E8: 575.4 | F8: 752.5 | G8: 1194.4444 | H8: 3.15839 | I8: 19.728558 | J8: 0.16009229 | K8: 6.2463969 | L8: 13.775 | M8: 3.07 | N8: 0.4882 | O8: 515.6
A9: 212 | B9: 1 | C9: 2 | D9: 25% MDGS Variable | E9: 575.6 | F9: 798.5 | G9: 1267.4603 | H9: 3.5298996 | I9: 21.738936 | J9: 0.16237684 | K9: 6.1585139 | L9: 13.28 | M9: 3.328 | N9: 0.577 | O9: 526
A10: 213 | B10: 1 | C10: 2 | D10: 10% MDGS Variable | E10: 571.9 | F10: 851.9 | G10: 1360.8466 | H10: 4.037199 | I10: 22.955779 | J10: 0.17586852 | K10: 5.6860658 | L10: 14.095556 | M10: 3.5933333 | N10: 0.726 | O10: 643.11111
A11: 214 | B11: 1 | C11: 2 | D11: 25% MDGS Constant | E11: 574 | F11: 826.1 | G11: 1311.2698 | H11: 3.7615808 | I11: 22.398785 | J11: 0.16793683 | K11: 5.9546201 | L11: 13.51 | M11: 3.467 | N11: 0.67275 | O11: 539.875
A12: 215 | B12: 2 | C12: 3 | D12: 10% MDGS Variable | E12: 629.55556 | F12: 834.11111 | G12: 1323.9859 | H12: 3.5430119 | I12: 21.579785 | J12: 0.16418198 | K12: 6.0908023 | L12: 14.248571 | M12: 3.2585714 | N12: 0.674 | O12: 548.83333
A13: 216 | B13: 2 | C13: 3 | D13: 10% MDGS Constant | E13: 625.1 | F13: 803.8 | G13: 1275.873 | H13: 3.3202705 | I13: 21.830062 | J13: 0.15209624 | K13: 6.5747843 | L13: 13.67 | M13: 3.425 | N13: 0.6254 | O13: 549.9
... A41: 414 | B41: 3 | C41: 8 | D41: 10% MDGS Variable | E41: 695.2 | F41: 850.7 | G41: 1350.3175 | H41: 3.5995465 | I41: 24.652028 | J41: 0.14601421 | K41: 6.8486483 | L41: 13.082222 | M41: 3.79 | N41: 0.7955 | O41: 630.125

Sheet Performance
A1: Lnk_AnID | B1: 45257 | C1: 45258 | D1: Difference D1-D2 | E1: Average | F1: Block | G1: Strat | H1: Rand | I1: Pen | J1: TRT | K1: Interim | L1: Interim ADG | M1: DMO | N1: G:F | T1: Pen | U1: Block | V1: Rep | W1: Rand | X1: TRT | Y1: Initial | Z1: Interim | AA1: Interim ADG | AB1: DMO | AC1: G:F | AE1: Trt | AF1: Initial | AG1: Interim | AH1: Interim ADG | AI1: DMO | AJ1: G:F | AL1: 205 | AM1: 18.341718
A2: 4437 | B2: =VLOOKUP(A2,'[1]Nebris 11.27'!E:I,5,FALSE) -> 554 | C2: =VLOOKUP(A2,'[1]Nebris 11.28.23'!E:I,5,FALSE) -> 568 | D2: =B2-C2 -> -14 | E2: =AVERAGE(B2:C2) -> 561 | F2: 1 | G2: 1 | H2: 0.13223911 | I2: 205 | J2: =VLOOKUP(I2,$T$2:$X$41,5,FALSE) -> 10% MDGS Constant | K2: =VLOOKUP(A2,'[1]Interim '!E:I,5,FALSE)*0.96 -> 744.96 | L2: =(K2-E2)/58 -> 3.1717241 | M2: =VLOOKUP(I2,$AL$1:$AM$40,2,FALSE) -> 18.341718 | N2: =L2/M2 -> 0.17292405 | T2: 205 | U2: 1 | V2: 1 | W2: 0.44075806 | X2: 10% MDGS Constant | Y2: =AVERAGEIF($I$2:$I$577,T2,$E$2:$E$577) -> 572.4 | Z2: =AVERAGEIF($I$2:$I$577,T2,$K$2:$K$577) -> 744.96 | AA2: =AVERAGEIF($I$2:$I$577,T2,$L$2:$L$577) -> 2.9751724 | AB2: =AVERAGEIF($I$2:$I$577,T2,$M$2:$M$577) -> 18.341718 | AC2: =AVERAGEIF($I$2:$I$577,T2,$N$2:$N$577) -> 0.16220795 | AE2: Control | AF2: =AVERAGEIF($X$2:$X$41,AE2,$Y$2:$Y$41) -> 631.99722 | AG2: =AVERAGEIF($X$2:$X$41,AE2,$Z$2:$Z$41) -> 816.776 | AH2: =AVERAGEIF($X$2:$X$41,AE2,$AA$2:$AA$41) -> 3.185841 | AI2: =AVERAGEIF($X$2:$X$41,AE2,$AB$2:$AB$41) -> 19.157638 | AJ2: =AVERAGEIF($X$2:$X$41,AE2,$AC$2:$AC$41) -> 0.16647684 | AL2: 206 | AM2: 18.076576
A3: 4315 | B3: =VLOOKUP(A3,'[1]Nebris 11.27'!E:I,5,FALSE) -> 554 | C3: =VLOOKUP(A3,'[1]Nebris 11.28.23'!E:I,5,FALSE) -> 554 | D3: =B3-C3 -> 0 | E3: =AVERAGE(B3:C3) -> 554 | F3: 1 | G3: 1 | H3: 0.16749633 | I3: 206 | J3: =VLOOKUP(I3,$T$2:$X$57,5,FALSE) -> 10% MDGS Variable | K3: =VLOOKUP(A3,'[1]Interim '!E:I,5,FALSE)*0.96 -> 714.24 | L3: =(K3-E3)/58 -> 2.7627586 | M3: =VLOOKUP(I3,$AL$1:$AM$40,2,FALSE) -> 18.076576 | N3: =L3/M3 -> 0.15283639 | T3: 206 | U3: 1 | V3: 1 | W3: 0.49100692 | X3: 10% MDGS Variable | Y3: =AVERAGEIF($I$2:$I$577,T3,$E$2:$E$577) -> 575.4 | Z3: =AVERAGEIF($I$2:$I$577,T3,$K$2:$K$577) -> 750.336 | AA3: =AVERAGEIF($I$2:$I$577,T3,$L$2:$L$577) -> 3.0161379 | AB3: =AVERAGEIF($I$2:$I$577,T3,$M$2:$M$577) -> 18.076576 | AC3: =AVERAGEIF($I$2:$I$577,T3,$N$2:$N$577) -> 0.16685339 | AE3: 10% MDGS Constant | AF3: =AVERAGEIF($X$2:$X$41,AE3,$Y$2:$Y$41) -> 632.34514 | AG3: =AVERAGEIF($X$2:$X$41,AE3,$Z$2:$Z$41) -> 820.176 | AH3: =AVERAGEIF($X$2:$X$41,AE3,$AA$2:$AA$41) -> 3.2384631 | AI3: =AVERAGEIF($X$2:$X$41,AE3,$AB$2:$AB$41) -> 19.897121 | AJ3: =AVERAGEIF($X$2:$X$41,AE3,$AC$2:$AC$41) -> 0.16291753 | AL3: 207 | AM3: 18.548331
A4: 4322 | B4: =VLOOKUP(A4,'[1]Nebris 11.27'!E:I,5,FALSE) -> 554 | C4: =VLOOKUP(A4,'[1]Nebris 11.28.23'!E:I,5,FALSE) -> 576 | D4: =B4-C4 -> -22 | E4: =AVERAGE(B4:C4) -> 565 | F4: 1 | G4: 1 | H4: 0.4179676 | I4: 207 | J4: =VLOOKUP(I4,$T$2:$X$57,5,FALSE) -> Control | K4: =VLOOKUP(A4,'[1]Interim '!E:I,5,FALSE)*0.96 -> 756.48 | L4: =(K4-E4)/58 -> 3.3013793 | M4: =VLOOKUP(I4,$AL$1:$AM$40,2,FALSE) -> 18.548331 | N4: =L4/M4 -> 0.17798795 | T4: 207 | U4: 1 | V4: 1 | W4: 0.64886895 | X4: Control | Y4: =AVERAGEIF($I$2:$I$577,T4,$E$2:$E$577) -> 579 | Z4: =AVERAGEIF($I$2:$I$577,T4,$K$2:$K$577) -> 760.704 | AA4: =AVERAGEIF($I$2:$I$577,T4,$L$2:$L$577) -> 3.1328276 | AB4: =AVERAGEIF($I$2:$I$577,T4,$M$2:$M$577) -> 18.548331 | AC4: =AVERAGEIF($I$2:$I$577,T4,$N$2:$N$577) -> 0.16890078 | AE4: 10% MDGS Variable | AF4: =AVERAGEIF($X$2:$X$41,AE4,$Y$2:$Y$41) -> 631.6625 | AG4: =AVERAGEIF($X$2:$X$41,AE4,$Z$2:$Z$41) -> 819 | AH4: =AVERAGEIF($X$2:$X$41,AE4,$AA$2:$AA$41) -> 3.2299569 | AI4: =AVERAGEIF($X$2:$X$41,AE4,$AB$2:$AB$41) -> 20.133268 | AJ4: =AVERAGEIF($X$2:$X$41,AE4,$AC$2:$AC$41) -> 0.16031035 | AL4: 208 | AM4: 20.130157
A5: 4743 | B5: =VLOOKUP(A5,'[1]Nebris 11.27'!E:I,5,FALSE) -> 556 | C5: =VLOOKUP(A5,'[1]Nebris 11.28.23'!E:I,5,FALSE) -> 554 | D5: =B5-C5 -> 2 | E5: =AVERAGE(B5:C5) -> 555 | F5: 1 | G5: 1 | H5: 0.46486563 | I5: 208 | J5: =VLOOKUP(I5,$T$2:$X$57,5,FALSE) -> 25% MDGS Variable | K5: =VLOOKUP(A5,'[1]Interim '!E:I,5,FALSE)*0.96 -> 702.72 | L5: =(K5-E5)/58 -> 2.5468966 | M5: =VLOOKUP(I5,$AL$1:$AM$40,2,FALSE) -> 20.130157 | N5: =L5/M5 -> 0.12652145 | T5: 208 | U5: 1 | V5: 1 | W5: 0.92391597 | X5: 25% MDGS Variable | Y5: =AVERAGEIF($I$2:$I$577,T5,$E$2:$E$577) -> 576.6 | Z5: =AVERAGEIF($I$2:$I$577,T5,$K$2:$K$577) -> 771.264 | AA5: =AVERAGEIF($I$2:$I$577,T5,$L$2:$L$577) -> 3.3562759 | AB5: =AVERAGEIF($I$2:$I$577,T5,$M$2:$M$577) -> 20.130157 | AC5: =AVERAGEIF($I$2:$I$577,T5,$N$2:$N$577) -> 0.16672875 | AE5: 25% MDGS Constant | AF5: =AVERAGEIF($X$2:$X$41,AE5,$Y$2:$Y$41) -> 630.7375 | AG5: =AVERAGEIF($X$2:$X$41,AE5,$Z$2:$Z$41) -> 829.824 | AH5: =AVERAGEIF($X$2:$X$41,AE5,$AA$2:$AA$41) -> 3.4325259 | AI5: =AVERAGEIF($X$2:$X$41,AE5,$AB$2:$AB$41) -> 20.496961 | AJ5: =AVERAGEIF($X$2:$X$41,AE5,$AC$2:$AC$41) -> 0.16731598 | AL5: 209 | AM5: 19.349137
A6: 4765 | B6: =VLOOKUP(A6,'[1]Nebris 11.27'!E:I,5,FALSE) -> 552 | C6: =VLOOKUP(A6,'[1]Nebris 11.28.23'!E:I,5,FALSE) -> 560 | D6: =B6-C6 -> -8 | E6: =AVERAGE(B6:C6) -> 556 | F6: 1 | G6: 1 | H6: 0.49088538 | I6: 209 | J6: =VLOOKUP(I6,$T$2:$X$57,5,FALSE) -> 25% MDGS Constant | K6: =VLOOKUP(A6,'[1]Interim '!E:I,5,FALSE)*0.96 -> 783.36 | L6: =(K6-E6)/58 -> 3.92 | M6: =VLOOKUP(I6,$AL$1:$AM$40,2,FALSE) -> 19.349137 | N6: =L6/M6 -> 0.20259302 | T6: 209 | U6: 1 | V6: 1 | W6: 0.98398342 | X6: 25% MDGS Constant | Y6: =AVERAGEIF($I$2:$I$577,T6,$E$2:$E$577) -> 572 | Z6: =AVERAGEIF($I$2:$I$577,T6,$K$2:$K$577) -> 775.104 | AA6: =AVERAGEIF($I$2:$I$577,T6,$L$2:$L$577) -> 3.5017931 | AB6: =AVERAGEIF($I$2:$I$577,T6,$M$2:$M$577) -> 19.349137 | AC6: =AVERAGEIF($I$2:$I$577,T6,$N$2:$N$577) -> 0.18097929 | AE6: 25% MDGS Variable | AF6: =AVERAGEIF($X$2:$X$41,AE6,$Y$2:$Y$41) -> 632.93194 | AG6: =AVERAGEIF($X$2:$X$41,AE6,$Z$2:$Z$41) -> 817.78667 | AH6: =AVERAGEIF($X$2:$X$41,AE6,$AA$2:$AA$41) -> 3.1965996 | AI6: =AVERAGEIF($X$2:$X$41,AE6,$AB$2:$AB$41) -> 20.163925 | AJ6: =AVERAGEIF($X$2:$X$41,AE6,$AC$2:$AC$41) -> #VALUE! | AL6: 210 | AM6: 17.600604
A7: 4744 | B7: =VLOOKUP(A7,'[1]Nebris 11.27'!E:I,5,FALSE) -> 556 | C7: =VLOOKUP(A7,'[1]Nebris 11.28.23'!E:I,5,FALSE) -> 552 | D7: =B7-C7 -> 4 | E7: =AVERAGE(B7:C7) -> 554 | F7: 1 | G7: 1 | H7: 0.50464714 | I7: 210 | J7: =VLOOKUP(I7,$T$2:$X$57,5,FALSE) -> 10% MDGS Constant | K7: =VLOOKUP(A7,'[1]Interim '!E:I,5,FALSE)*0.96 -> 756.48 | L7: =(K7-E7)/58 -> 3.4910345 | M7: =VLOOKUP(I7,$AL$1:$AM$40,2,FALSE) -> 17.600604 | N7: =L7/M7 -> 0.19834743 | T7: 210 | U7: 1 | V7: 2 | W7: 0.2934528 | X7: 10% MDGS Constant | Y7: =AVERAGEIF($I$2:$I$577,T7,$E$2:$E$577) -> 573.95 | Z7: =AVERAGEIF($I$2:$I$577,T7,$K$2:$K$577) -> 726.72 | AA7: =AVERAGEIF($I$2:$I$577,T7,$L$2:$L$577) -> 2.6339655 | AB7: =AVERAGEIF($I$2:$I$577,T7,$M$2:$M$577) -> 17.600604 | AC7: =AVERAGEIF($I$2:$I$577,T7,$N$2:$N$577) -> 0.149652 | AG7: =AVERAGE(AG2:AG6) -> 820.71253 | AH7: =AVERAGE(AH2:AH6) -> 3.2566773 | AL7: 310 | AM7: 20.764817
A8: 4773 | B8: =VLOOKUP(A8,'[1]Nebris 11.27'!E:I,5,FALSE) -> 554 | C8: =VLOOKUP(A8,'[1]Nebris 11.28.23'!E:I,5,FALSE) -> 578 | D8: =B8-C8 -> -24 | E8: =AVERAGE(B8:C8) -> 566 | F8: 1 | G8: 1 | H8: 0.50851689 | I8: 211 | J8: =VLOOKUP(I8,$T$2:$X$57,5,FALSE) -> Control | K8: =VLOOKUP(A8,'[1]Interim '!E:I,5,FALSE)*0.96 -> 756.48 | L8: =(K8-E8)/58 -> 3.2841379 | M8: =VLOOKUP(I8,$AL$1:$AM$40,2,FALSE) -> 16.604744 | N8: =L8/M8 -> 0.19778311 | T8: 211 | U8: 1 | V8: 2 | W8: 0.44821537 | X8: Control | Y8: =AVERAGEIF($I$2:$I$577,T8,$E$2:$E$577) -> 575.4 | Z8: =AVERAGEIF($I$2:$I$577,T8,$K$2:$K$577) -> 744 | AA8: =AVERAGEIF($I$2:$I$577,T8,$L$2:$L$577) -> 2.9068966 | AB8: =AVERAGEIF($I$2:$I$577,T8,$M$2:$M$577) -> 16.604744 | AC8: =AVERAGEIF($I$2:$I$577,T8,$N$2:$N$577) -> 0.17506422 | AL8: 211 | AM8: 16.604744
A9: 4739 | B9: =VLOOKUP(A9,'[1]Nebris 11.27'!E:I,5,FALSE) -> 556 | C9: =VLOOKUP(A9,'[1]Nebris 11.28.23'!E:I,5,FALSE) -> 554 | D9: =B9-C9 -> 2 | E9: =AVERAGE(B9:C9) -> 555 | F9: 1 | G9: 1 | H9: 0.61147469 | I9: 212 | J9: =VLOOKUP(I9,$T$2:$X$57,5,FALSE) -> 25% MDGS Variable | K9: =VLOOKUP(A9,'[1]Interim '!E:I,5,FALSE)*0.96 -> 768 | L9: =(K9-E9)/58 -> 3.6724138 | M9: =VLOOKUP(I9,$AL$1:$AM$40,2,FALSE) -> 19.734967 | N9: =L9/M9 -> 0.18608664 | T9: 212 | U9: 1 | V9: 2 | W9: 0.88326655 | X9: 25% MDGS Variable | Y9: =AVERAGEIF($I$2:$I$577,T9,$E$2:$E$577) -> 575.6 | Z9: =AVERAGEIF($I$2:$I$577,T9,$K$2:$K$577) -> 777.6 | AA9: =AVERAGEIF($I$2:$I$577,T9,$L$2:$L$577) -> 3.4827586 | AB9: =AVERAGEIF($I$2:$I$577,T9,$M$2:$M$577) -> 19.734967 | AC9: =AVERAGEIF($I$2:$I$577,T9,$N$2:$N$577) -> 0.17647653 | AE9: Projections | AF9: 45316 | AL9: 212 | AM9: 19.734967
A10: 4485 | B10: =VLOOKUP(A10,'[1]Nebris 11.27'!E:I,5,FALSE) -> 556 | C10: =VLOOKUP(A10,'[1]Nebris 11.28.23'!E:I,5,FALSE) -> 558 | D10: =B10-C10 -> -2 | E10: =AVERAGE(B10:C10) -> 557 | F10: 1 | G10: 1 | H10: 0.7250652 | I10: 213 | J10: =VLOOKUP(I10,$T$2:$X$57,5,FALSE) -> 10% MDGS Variable | K10: =VLOOKUP(A10,'[1]Interim '!E:I,5,FALSE)*0.96 -> 819.84 | L10: =(K10-E10)/58 -> 4.5317241 | M10: =VLOOKUP(I10,$AL$1:$AM$40,2,FALSE) -> 19.380345 | N10: =L10/M10 -> 0.23383093 | T10: 213 | U10: 1 | V10: 2 | W10: 0.89946529 | X10: 10% MDGS Variable | Y10: =AVERAGEIF($I$2:$I$577,T10,$E$2:$E$577) -> 571.9 | Z10: =AVERAGEIF($I$2:$I$577,T10,$K$2:$K$577) -> 784.704 | AA10: =AVERAGEIF($I$2:$I$577,T10,$L$2:$L$577) -> 3.6690345 | AB10: =AVERAGEIF($I$2:$I$577,T10,$M$2:$M$577) -> 19.380345 | AC10: =AVERAGEIF($I$2:$I$577,T10,$N$2:$N$577) -> 0.18931729 | AE10: =1350-AG7 -> 529.28747 | AF10: =AE10/AH7 -> 162.52377 | AL10: 213 | AM10: 19.380345
A11: 4603 | B11: =VLOOKUP(A11,'[1]Nebris 11.27'!E:I,5,FALSE) -> 554 | C11: =VLOOKUP(A11,'[1]Nebris 11.28.23'!E:I,5,FALSE) -> 570 | D11: =B11-C11 -> -16 | E11: =AVERAGE(B11:C11) -> 562 | F11: 1 | G11: 1 | H11: 0.74773755 | I11: 214 | J11: =VLOOKUP(I11,$T$2:$X$57,5,FALSE) -> 25% MDGS Constant | K11: =VLOOKUP(A11,'[1]Interim '!E:I,5,FALSE)*0.96 -> 748.8 | L11: =(K11-E11)/58 -> 3.2206897 | M11: =VLOOKUP(I11,$AL$1:$AM$40,2,FALSE) -> 19.209834 | N11: =L11/M11 -> 0.16765838 | T11: 214 | U11: 1 | V11: 2 | W11: 0.9803855 | X11: 25% MDGS Constant | Y11: =AVERAGEIF($I$2:$I$577,T11,$E$2:$E$577) -> 574 | Z11: =AVERAGEIF($I$2:$I$577,T11,$K$2:$K$577) -> 767.808 | AA11: =AVERAGEIF($I$2:$I$577,T11,$L$2:$L$577) -> 3.3415172 | AB11: =AVERAGEIF($I$2:$I$577,T11,$M$2:$M$577) -> 19.209834 | AC11: =AVERAGEIF($I$2:$I$577,T11,$N$2:$N$577) -> 0.17394826 | AE11: =1400-AG7 -> 579.28747 | AF11: =AE11/AH7 -> 177.87684 | AL11: 214 | AM11: 19.209834
A12: 4683 | B12: =VLOOKUP(A12,'[1]Nebris 11.27'!E:I,5,FALSE) -> 558 | C12: =VLOOKUP(A12,'[1]Nebris 11.28.23'!E:I,5,FALSE) -> 550 | D12: =B12-C12 -> 8 | E12: =AVERAGE(B12:C12) -> 554 | F12: 1 | G12: 2 | H12: 0.073321961 | I12: 205 | J12: =VLOOKUP(I12,$T$2:$X$57,5,FALSE) -> 10% MDGS Constant | K12: =VLOOKUP(A12,'[1]Interim '!E:I,5,FALSE)*0.96 -> 700.8 | L12: =(K12-E12)/58 -> 2.5310345 | M12: =VLOOKUP(I12,$AL$1:$AM$40,2,FALSE) -> 18.341718 | N12: =L12/M12 -> 0.13799331 | T12: 215 | U12: 2 | V12: 3 | W12: 0.27775314 | X12: 10% MDGS Variable | Y12: =AVERAGEIF($I$2:$I$577,T12,$E$2:$E$577) -> 629.6 | Z12: =AVERAGEIF($I$2:$I$577,T12,$K$2:$K$577) -> 793.152 | AA12: =AVERAGEIF($I$2:$I$577,T12,$L$2:$L$577) -> 2.8198621 | AB12: =AVERAGEIF($I$2:$I$577,T12,$M$2:$M$577) -> 19.107699 | AC12: =AVERAGEIF($I$2:$I$577,T12,$N$2:$N$577) -> 0.14757727 | AE12: =1450-AG7 -> 629.28747 | AF12: =AE12/AH7 -> 193.22991 | AL12: 215 | AM12: 19.107699
A13: 4313 | B13: =VLOOKUP(A13,'[1]Nebris 11.27'!E:I,5,FALSE) -> 560 | C13: =VLOOKUP(A13,'[1]Nebris 11.28.23'!E:I,5,FALSE) -> 560 | D13: =B13-C13 -> 0 | E13: =AVERAGE(B13:C13) -> 560 | F13: 1 | G13: 2 | H13: 0.080928873 | I13: 206 | J13: =VLOOKUP(I13,$T$2:$X$57,5,FALSE) -> 10% MDGS Variable | K13: =VLOOKUP(A13,'[1]Interim '!E:I,5,FALSE)*0.96 -> 721.92 | L13: =(K13-E13)/58 -> 2.7917241 | M13: =VLOOKUP(I13,$AL$1:$AM$40,2,FALSE) -> 18.076576 | N13: =L13/M13 -> 0.15443877 | T13: 216 | U13: 2 | V13: 3 | W13: 0.51430711 | X13: 10% MDGS Constant | Y13: =AVERAGEIF($I$2:$I$577,T13,$E$2:$E$577) -> 625.1 | Z13: =AVERAGEIF($I$2:$I$577,T13,$K$2:$K$577) -> 813.504 | AA13: =AVERAGEIF($I$2:$I$577,T13,$L$2:$L$577) -> 3.2483448 | AB13: =AVERAGEIF($I$2:$I$577,T13,$M$2:$M$577) -> 20.39879 | AC13: =AVERAGEIF($I$2:$I$577,T13,$N$2:$N$577) -> 0.15924204 | AE13: =1500-AG7 -> 679.28747 | AF13: =AE13/AH7 -> 208.58298 | AL13: 216 | AM13: 20.39879
A14: 4418 | B14: =VLOOKUP(A14,'[1]Nebris 11.27'!E:I,5,FALSE) -> 558 | C14: =VLOOKUP(A14,'[1]Nebris 11.28.23'!E:I,5,FALSE) -> 586 | D14: =B14-C14 -> -28 | E14: =AVERAGE(B14:C14) -> 572 | F14: 1 | G14: 2 | H14: 0.086370454 | I14: 207 | J14: =VLOOKUP(I14,$T$2:$X$57,5,FALSE) -> Control | K14: =VLOOKUP(A14,'[1]Interim '!E:I,5,FALSE)*0.96 -> 741.12 | L14: =(K14-E14)/58 -> 2.9158621 | M14: =VLOOKUP(I14,$AL$1:$AM$40,2,FALSE) -> 18.548331 | N14: =L14/M14 -> 0.15720348 | T14: 301 | U14: 2 | V14: 3 | W14: 0.82991235 | X14: 25% MDGS Constant | Y14: =AVERAGEIF($I$2:$I$577,T14,$E$2:$E$577) -> 627.9 | Z14: =AVERAGEIF($I$2:$I$577,T14,$K$2:$K$577) -> 811.008 | AA14: =AVERAGEIF($I$2:$I$577,T14,$L$2:$L$577) -> 3.1570345 | AB14: =AVERAGEIF($I$2:$I$577,T14,$M$2:$M$577) -> 19.764341 | AC14: =AVERAGEIF($I$2:$I$577,T14,$N$2:$N$577) -> 0.15973386 | AL14: 301 | AM14: 19.764341
A15: 4376 | B15: =VLOOKUP(A15,'[1]Nebris 11.27'!E:I,5,FALSE) -> 560 | C15: =VLOOKUP(A15,'[1]Nebris 11.28.23'!E:I,5,FALSE) -> 580 | D15: =B15-C15 -> -20 | E15: =AVERAGE(B15:C15) -> 570 | F15: 1 | G15: 2 | H15: 0.51308819 | I15: 208 | J15: =VLOOKUP(I15,$T$2:$X$57,5,FALSE) -> 25% MDGS Variable | K15: =VLOOKUP(A15,'[1]Interim '!E:I,5,FALSE)*0.96 -> 775.68 | L15: =(K15-E15)/58 -> 3.5462069 | M15: =VLOOKUP(I15,$AL$1:$AM$40,2,FALSE) -> 20.130157 | N15: =L15/M15 -> 0.1761639 | T15: 302 | U15: 2 | V15: 3 | W15: 0.973114 | X15: 25% MDGS Variable | Y15: =AVERAGEIF($I$2:$I$577,T15,$E$2:$E$577) -> 628.55556 | Z15: =AVERAGEIF($I$2:$I$577,T15,$K$2:$K$577) -> 784.21333 | AA15: =AVERAGEIF($I$2:$I$577,T15,$L$2:$L$577) -> 2.6837548 | AB15: =AVERAGEIF($I$2:$I$577,T15,$M$2:$M$577) -> 18.146164 | AC15: =AVERAGEIF($I$2:$I$577,T15,$N$2:$N$577) -> 0.14789654 | AE15: 3.3 | AF15: 1300 | AG15: 1350 | AH15: 1400 | AI15: 1450 | AL15: 302 | AM15: 18.146164
A16: 4605 | B16: =VLOOKUP(A16,'[1]Nebris 11.27'!E:I,5,FALSE) -> 558 | C16: =VLOOKUP(A16,'[1]Nebris 11.28.23'!E:I,5,FALSE) -> 558 | D16: =B16-C16 -> 0 | E16: =AVERAGE(B16:C16) -> 558 | F16: 1 | G16: 2 | H16: 0.54242732 | I16: 209 | J16: =VLOOKUP(I16,$T$2:$X$57,5,FALSE) -> 25% MDGS Constant | K16: =VLOOKUP(A16,'[1]Interim '!E:I,5,FALSE)*0.96 -> 746.88 | L16: =(K16-E16)/58 -> 3.2565517 | M16: =VLOOKUP(I16,$AL$1:$AM$40,2,FALSE) -> 19.349137 | N16: =L16/M16 -> 0.16830475 | T16: 303 | U16: 2 | V16: 3 | W16: 0.97591178 | X16: Control | Y16: =AVERAGEIF($I$2:$I$577,T16,$E$2:$E$577) -> 627.3 | Z16: =AVERAGEIF($I$2:$I$577,T16,$K$2:$K$577) -> 793.344 | AA16: =AVERAGEIF($I$2:$I$577,T16,$L$2:$L$577) -> 2.8628276 | AB16: =AVERAGEIF($I$2:$I$577,T16,$M$2:$M$577) -> 18.06332 | AC16: =AVERAGEIF($I$2:$I$577,T16,$N$2:$N$577) -> 0.15848845 | AD16: Light | AE16: 760 | AF16: =AF15-AE16 -> 540 | AG16: =1350-AE16 -> 590 | AH16: =1400-AE16 -> 640 | AI16: =1450-AE16 -> 690 | AL16: 303 | AM16: 18.06332
A17: 4337 | B17: =VLOOKUP(A17,'[1]Nebris 11.27'!E:I,5,FALSE) -> 558 | C17: =VLOOKUP(A17,'[1]Nebris 11.28.23'!E:I,5,FALSE) -> 574 | D17: =B17-C17 -> -16 | E17: =AVERAGE(B17:C17) -> 566 | F17: 1 | G17: 2 | H17: 0.62471381 | I17: 210 | J17: =VLOOKUP(I17,$T$2:$X$57,5,FALSE) -> 10% MDGS Constant | K17: =VLOOKUP(A17,'[1]Interim '!E:I,5,FALSE)*0.96 -> 696.96 | L17: =(K17-E17)/58 -> 2.257931 | M17: =VLOOKUP(I17,$AL$1:$AM$40,2,FALSE) -> 17.600604 | N17: =L17/M17 -> 0.12828713 | T17: 304 | U17: 2 | V17: 4 | W17: 0.01344788 | X17: 10% MDGS Variable | Y17: =AVERAGEIF($I$2:$I$577,T17,$E$2:$E$577) -> 628.1 | Z17: =AVERAGEIF($I$2:$I$577,T17,$K$2:$K$577) -> 772.032 | AA17: =AVERAGEIF($I$2:$I$577,T17,$L$2:$L$577) -> 2.4815862 | AB17: =AVERAGEIF($I$2:$I$577,T17,$M$2:$M$577) -> 18.555516 | AC17: =AVERAGEIF($I$2:$I$577,T17,$N$2:$N$577) -> 0.13373847 | AD17: Mid | AE17: 812 | AF17: =AF15-AE17 -> 488 | AG17: =1350-AE17 -> 538 | AH17: =1400-AE17 -> 588 | AI17: =1450-AE17 -> 638 | AL17: 304 | AM17: 18.555516
A18: 4365 | B18: =VLOOKUP(A18,'[1]Nebris 11.27'!E:I,5,FALSE) -> 558 | C18: =VLOOKUP(A18,'[1]Nebris 11.28.23'!E:I,5,FALSE) -> 574 | D18: =B18-C18 -> -16 | E18: =AVERAGE(B18:C18) -> 566 | F18: 1 | G18: 2 | H18: 0.71135622 | I18: 211 | J18: =VLOOKUP(I18,$T$2:$X$57,5,FALSE) -> Control | K18: =VLOOKUP(A18,'[1]Interim '!E:I,5,FALSE)*0.96 -> 746.88 | L18: =(K18-E18)/58 -> 3.1186207 | M18: =VLOOKUP(I18,$AL$1:$AM$40,2,FALSE) -> 16.604744 | N18: =L18/M18 -> 0.18781504 | T18: 305 | U18: 2 | V18: 4 | W18: 0.43508579 | X18: 10% MDGS Constant | Y18: =AVERAGEIF($I$2:$I$577,T18,$E$2:$E$577) -> 626.3 | Z18: =AVERAGEIF($I$2:$I$577,T18,$K$2:$K$577) -> 804.48 | AA18: =AVERAGEIF($I$2:$I$577,T18,$L$2:$L$577) -> 3.072069 | AB18: =AVERAGEIF($I$2:$I$577,T18,$M$2:$M$577) -> 18.368633 | AC18: =AVERAGEIF($I$2:$I$577,T18,$N$2:$N$577) -> 0.16724538 | AD18: Heavy | AE18: 899 | AF18: =AF15-AE18 -> 401 | AG18: =1350-AE18 -> 451 | AH18: =1400-AE18 -> 501 | AI18: =1450-AE18 -> 551 | AL18: 305 | AM18: 18.368633
A19: 4502 | B19: =VLOOKUP(A19,'[1]Nebris 11.27'!E:I,5,FALSE) -> 558 | C19: =VLOOKUP(A19,'[1]Nebris 11.28.23'!E:I,5,FALSE) -> 570 | D19: =B19-C19 -> -12 | E19: =AVERAGE(B19:C19) -> 564 | F19: 1 | G19: 2 | H19: 0.83731892 | I19: 212 | J19: =VLOOKUP(I19,$T$2:$X$57,5,FALSE) -> 25% MDGS Variable | K19: =VLOOKUP(A19,'[1]Interim '!E:I,5,FALSE)*0.96 -> 779.52 | L19: =(K19-E19)/58 -> 3.7158621 | M19: =VLOOKUP(I19,$AL$1:$AM$40,2,FALSE) -> 19.734967 | N19: =L19/M19 -> 0.18828823 | T19: 306 | U19: 2 | V19: 4 | W19: 0.48109753 | X19: Control | Y19: =AVERAGEIF($I$2:$I$577,T19,$E$2:$E$577) -> 625.66667 | Z19: =AVERAGEIF($I$2:$I$577,T19,$K$2:$K$577) -> 802.56 | AA19: =AVERAGEIF($I$2:$I$577,T19,$L$2:$L$577) -> 3.0498851 | AB19: =AVERAGEIF($I$2:$I$577,T19,$M$2:$M$577) -> 19.337783 | AC19: =AVERAGEIF($I$2:$I$577,T19,$N$2:$N$577) -> 0.15771637 | AL19: 306 | AM19: 19.337783
A20: 4755 | B20: =VLOOKUP(A20,'[1]Nebris 11.27'!E:I,5,FALSE) -> 558 | C20: =VLOOKUP(A20,'[1]Nebris 11.28.23'!E:I,5,FALSE) -> 544 | D20: =B20-C20 -> 14 | E20: =AVERAGE(B20:C20) -> 551 | F20: 1 | G20: 2 | H20: 0.86435 | I20: 213 | J20: =VLOOKUP(I20,$T$2:$X$57,5,FALSE) -> 10% MDGS Variable | K20: =VLOOKUP(A20,'[1]Interim '!E:I,5,FALSE)*0.96 -> 762.24 | L20: =(K20-E20)/58 -> 3.642069 | M20: =VLOOKUP(I20,$AL$1:$AM$40,2,FALSE) -> 19.380345 | N20: =L20/M20 -> 0.18792591 | T20: 307 | U20: 2 | V20: 4 | W20: 0.54707952 | X20: 25% MDGS Variable | Y20: =AVERAGEIF($I$2:$I$577,T20,$E$2:$E$577) -> 624.7 | Z20: =AVERAGEIF($I$2:$I$577,T20,$K$2:$K$577) -> 802.176 | AA20: =AVERAGEIF($I$2:$I$577,T20,$L$2:$L$577) -> 3.059931 | AB20: =AVERAGEIF($I$2:$I$577,T20,$M$2:$M$577) -> 19.036106 | AC20: =AVERAGEIF($I$2:$I$577,T20,$N$2:$N$577) -> 0.16074354 | AE20: Light | AF20: =AF16/AE15 -> 163.63636 | AG20: =AG16/AE15 -> 178.78788 | AH20: =AH16/AE15 -> 193.93939 | AI20: =AI16/AE15 -> 209.09091 | AL20: 307 | AM20: 19.036106
A21: 4460 | B21: =VLOOKUP(A21,'[1]Nebris 11.27'!E:I,5,FALSE) -> 560 | C21: =VLOOKUP(A21,'[1]Nebris 11.28.23'!E:I,5,FALSE) -> 552 | D21: =B21-C21 -> 8 | E21: =AVERAGE(B21:C21) -> 556 | F21: 1 | G21: 2 | H21: 0.91464544 | I21: 214 | J21: =VLOOKUP(I21,$T$2:$X$57,5,FALSE) -> 25% MDGS Constant | K21: =VLOOKUP(A21,'[1]Interim '!E:I,5,FALSE)*0.96 -> 771.84 | L21: =(K21-E21)/58 -> 3.7213793 | M21: =VLOOKUP(I21,$AL$1:$AM$40,2,FALSE) -> 19.209834 | N21: =L21/M21 -> 0.19372261 | T21: 308 | U21: 2 | V21: 4 | W21: 0.88115405 | X21: 25% MDGS Constant | Y21: =AVERAGEIF($I$2:$I$577,T21,$E$2:$E$577) -> 626.7 | Z21: =AVERAGEIF($I$2:$I$577,T21,$K$2:$K$577) -> 804.48 | AA21: =AVERAGEIF($I$2:$I$577,T21,$L$2:$L$577) -> 3.0651724 | AB21: =AVERAGEIF($I$2:$I$577,T21,$M$2:$M$577) -> 19.826311 | AC21: =AVERAGEIF($I$2:$I$577,T21,$N$2:$N$577) -> 0.15460124 | AE21: Mid | AF21: =AF17/AE15 -> 147.87879 | AG21: =AG17/AE15 -> 163.0303 | AH21: =AH17/AE15 -> 178.18182 | AI21: =AI17/AE15 -> 193.33333 | AL21: 308 | AM21: 19.826311
A22: 4317 | B22: =VLOOKUP(A22,'[1]Nebris 11.27'!E:I,5,FALSE) -> 562 | C22: =VLOOKUP(A22,'[1]Nebris 11.28.23'!E:I,5,FALSE) -> 564 | D22: =B22-C22 -> -2 | E22: =AVERAGE(B22:C22) -> 563 | F22: 1 | G22: 3 | H22: 0.11651434 | I22: 205 | J22: =VLOOKUP(I22,$T$2:$X$57,5,FALSE) -> 10% MDGS Constant | K22: =VLOOKUP(A22,'[1]Interim '!E:I,5,FALSE)*0.96 -> 735.36 | L22: =(K22-E22)/58 -> 2.9717241 | M22: =VLOOKUP(I22,$AL$1:$AM$40,2,FALSE) -> 18.341718 | N22: =L22/M22 -> 0.16201994 | T22: 309 | U22: 2 | V22: 5 | W22: 0.059719457 | X22: Control | Y22: =AVERAGEIF($I$2:$I$577,T22,$E$2:$E$577) -> 626.7 | Z22: =AVERAGEIF($I$2:$I$577,T22,$K$2:$K$577) -> 842.88 | AA22: =AVERAGEIF($I$2:$I$577,T22,$L$2:$L$577) -> 3.7272414 | AB22: =AVERAGEIF($I$2:$I$577,T22,$M$2:$M$577) -> 19.729599 | AC22: =AVERAGEIF($I$2:$I$577,T22,$N$2:$N$577) -> 0.18891623 | AE22: Heavy | AF22: =AF18/AE15 -> 121.51515 | AG22: =AG18/AE15 -> 136.66667 | AH22: =AH18/AE15 -> 151.81818 | AI22: =AI18/AE15 -> 166.9697 | AL22: 309 | AM22: 19.729599
A23: 4333 | B23: =VLOOKUP(A23,'[1]Nebris 11.27'!E:I,5,FALSE) -> 564 | C23: =VLOOKUP(A23,'[1]Nebris 11.28.23'!E:I,5,FALSE) -> 570 | D23: =B23-C23 -> -6 | E23: =AVERAGE(B23:C23) -> 567 | F23: 1 | G23: 3 | H23: 0.13354625 | I23: 206 | J23: =VLOOKUP(I23,$T$2:$X$57,5,FALSE) -> 10% MDGS Variable | K23: =VLOOKUP(A23,'[1]Interim '!E:I,5,FALSE)*0.96 -> 689.28 | L23: =(K23-E23)/58 -> 2.1082759 | M23: =VLOOKUP(I23,$AL$1:$AM$40,2,FALSE) -> 18.076576 | N23: =L23/M23 -> 0.11663027 | T23: 310 | U23: 2 | V23: 5 | W23: 0.07244734 | X23: 10% MDGS Variable | Y23: =AVERAGEIF($I$2:$I$577,T23,$E$2:$E$577) -> 629 | Z23: =AVERAGEIF($I$2:$I$577,T23,$K$2:$K$577) -> 831.744 | AA23: =AVERAGEIF($I$2:$I$577,T23,$L$2:$L$577) -> 3.4955862 | AB23: =AVERAGEIF($I$2:$I$577,T23,$M$2:$M$577) -> 20.764817 | AC23: =AVERAGEIF($I$2:$I$577,T23,$N$2:$N$577) -> 0.16834178 | AL23: 311 | AM23: 21.070005
A24: 4700 | B24: =VLOOKUP(A24,'[1]Nebris 11.27'!E:I,5,FALSE) -> 564 | C24: =VLOOKUP(A24,'[1]Nebris 11.28.23'!E:I,5,FALSE) -> 570 | D24: =B24-C24 -> -6 | E24: =AVERAGE(B24:C24) -> 567 | F24: 1 | G24: 3 | H24: 0.13431988 | I24: 207 | J24: =VLOOKUP(I24,$T$2:$X$57,5,FALSE) -> Control | K24: =VLOOKUP(A24,'[1]Interim '!E:I,5,FALSE)*0.96 -> 768 | L24: =(K24-E24)/58 -> 3.4655172 | M24: =VLOOKUP(I24,$AL$1:$AM$40,2,FALSE) -> 18.548331 | N24: =L24/M24 -> 0.18683715 | T24: 311 | U24: 2 | V24: 5 | W24: 0.6685766 | X24: 10% MDGS Constant | Y24: =AVERAGEIF($I$2:$I$577,T24,$E$2:$E$577) -> 631.3 | Z24: =AVERAGEIF($I$2:$I$577,T24,$K$2:$K$577) -> 822.144 | AA24: =AVERAGEIF($I$2:$I$577,T24,$L$2:$L$577) -> 3.2904138 | AB24: =AVERAGEIF($I$2:$I$577,T24,$M$2:$M$577) -> 21.070005 | AC24: =AVERAGEIF($I$2:$I$577,T24,$N$2:$N$577) -> 0.15889378 | AE24: Light | AF24: =DATE(2024,1,25)+AF20 -> 45479.636 | AG24: =DATE(2024,1,25)+AG20 -> 45494.788 | AH24: =DATE(2024,1,25)+AH20 -> 45509.939 | AI24: =DATE(2024,1,25)+AI20 -> 45525.091 | AL24: 312 | AM24: 20.72641
A25: 4445 | B25: =VLOOKUP(A25,'[1]Nebris 11.27'!E:I,5,FALSE) -> 562 | C25: =VLOOKUP(A25,'[1]Nebris 11.28.23'!E:I,5,FALSE) -> 572 | D25: =B25-C25 -> -10 | E25: =AVERAGE(B25:C25) -> 567 | F25: 1 | G25: 3 | H25: 0.25443115 | I25: 208 | J25: =VLOOKUP(I25,$T$2:$X$57,5,FALSE) -> 25% MDGS Variable | K25: =VLOOKUP(A25,'[1]Interim '!E:I,5,FALSE)*0.96 -> 769.92 | L25: =(K25-E25)/58 -> 3.4986207 | M25: =VLOOKUP(I25,$AL$1:$AM$40,2,FALSE) -> 20.130157 | N25: =L25/M25 -> 0.17379997 | T25: 312 | U25: 2 | V25: 5 | W25: 0.89781507 | X25: 25% MDGS Constant | Y25: =AVERAGEIF($I$2:$I$577,T25,$E$2:$E$577) -> 629.1 | Z25: =AVERAGEIF($I$2:$I$577,T25,$K$2:$K$577) -> 806.784 | AA25: =AVERAGEIF($I$2:$I$577,T25,$L$2:$L$577) -> 3.0635172 | AB25: =AVERAGEIF($I$2:$I$577,T25,$M$2:$M$577) -> 20.72641 | AC25: =AVERAGEIF($I$2:$I$577,T25,$N$2:$N$577) -> 0.14780742 | AE25: Mid | AF25: =DATE(2024,1,25)+AF21 -> 45463.879 | AG25: =DATE(2024,1,25)+AG21 -> 45479.03 | AH25: =DATE(2024,1,25)+AH21 -> 45494.182 | AI25: =DATE(2024,1,25)+AI21 -> 45509.333 | AL25: 313 | AM25: 20.372525
A26: 4357 | B26: =VLOOKUP(A26,'[1]Nebris 11.27'!E:I,5,FALSE) -> 562 | C26: =VLOOKUP(A26,'[1]Nebris 11.28.23'!E:I,5,FALSE) -> 556 | D26: =B26-C26 -> 6 | E26: =AVERAGE(B26:C26) -> 559 | F26: 1 | G26: 3 | H26: 0.27863879 | I26: 209 | J26: =VLOOKUP(I26,$T$2:$X$57,5,FALSE) -> 25% MDGS Constant | K26: =VLOOKUP(A26,'[1]Interim '!E:I,5,FALSE)*0.96 -> 775.68 | L26: =(K26-E26)/58 -> 3.7358621 | M26: =VLOOKUP(I26,$AL$1:$AM$40,2,FALSE) -> 19.349137 | N26: =L26/M26 -> 0.19307642 | T26: 313 | U26: 2 | V26: 5 | W26: 0.98450075 | X26: 25% MDGS Variable | Y26: =AVERAGEIF($I$2:$I$577,T26,$E$2:$E$577) -> 627.3 | Z26: =AVERAGEIF($I$2:$I$577,T26,$K$2:$K$577) -> 817.92 | AA26: =AVERAGEIF($I$2:$I$577,T26,$L$2:$L$577) -> 3.3621456 | AB26: =AVERAGEIF($I$2:$I$577,T26,$M$2:$M$577) -> 20.372525 | AC26: =AVERAGEIF($I$2:$I$577,T26,$N$2:$N$577) -> #VALUE! | AE26: Heavy | AF26: =DATE(2024,1,25)+AF22 -> 45437.515 | AG26: =DATE(2024,1,25)+AG22 -> 45452.667 | AH26: =DATE(2024,1,25)+AH22 -> 45467.818 | AI26: =DATE(2024,1,25)+AI22 -> 45482.97 | AL26: 314 | AM26: 21.540377
A27: 4691 | B27: =VLOOKUP(A27,'[1]Nebris 11.27'!E:I,5,FALSE) -> 560 | C27: =VLOOKUP(A27,'[1]Nebris 11.28.23'!E:I,5,FALSE) -> 574 | D27: =B27-C27 -> -14 | E27: =AVERAGE(B27:C27) -> 567 | F27: 1 | G27: 3 | H27: 0.34361157 | I27: 210 | J27: =VLOOKUP(I27,$T$2:$X$57,5,FALSE) -> 10% MDGS Constant | K27: =VLOOKUP(A27,'[1]Interim '!E:I,5,FALSE)*0.96 -> 714.24 | L27: =(K27-E27)/58 -> 2.5386207 | M27: =VLOOKUP(I27,$AL$1:$AM$40,2,FALSE) -> 17.600604 | N27: =L27/M27 -> 0.14423486 | T27: 314 | U27: 2 | V27: 6 | W27: 0.36164609 | X27: 25% MDGS Variable | Y27: =AVERAGEIF($I$2:$I$577,T27,$E$2:$E$577) -> 631.1 | Z27: =AVERAGEIF($I$2:$I$577,T27,$K$2:$K$577) -> 840.192 | AA27: =AVERAGEIF($I$2:$I$577,T27,$L$2:$L$577) -> 3.6050345 | AB27: =AVERAGEIF($I$2:$I$577,T27,$M$2:$M$577) -> 21.540377 | AC27: =AVERAGEIF($I$2:$I$577,T27,$N$2:$N$577) -> 0.16736172 | AL27: 315 | AM27: 20.610382
A28: 4423 | B28: =VLOOKUP(A28,'[1]Nebris 11.27'!E:I,5,FALSE) -> 564 | C28: =VLOOKUP(A28,'[1]Nebris 11.28.23'!E:I,5,FALSE) -> 580 | D28: =B28-C28 -> -16 | E28: =AVERAGE(B28:C28) -> 572 | F28: 1 | G28: 3 | H28: 0.54959193 | I28: 211 | J28: =VLOOKUP(I28,$T$2:$X$57,5,FALSE) -> Control | K28: =VLOOKUP(A28,'[1]Interim '!E:I,5,FALSE)*0.96 -> 723.84 | L28: =(K28-E28)/58 -> 2.617931 | M28: =VLOOKUP(I28,$AL$1:$AM$40,2,FALSE) -> 16.604744 | N28: =L28/M28 -> 0.15766163 | T28: 315 | U28: 2 | V28: 6 | W28: 0.52656808 | X28: 25% MDGS Constant | Y28: =AVERAGEIF($I$2:$I$577,T28,$E$2:$E$577) -> 622.9 | Z28: =AVERAGEIF($I$2:$I$577,T28,$K$2:$K$577) -> 820.992 | AA28: =AVERAGEIF($I$2:$I$577,T28,$L$2:$L$577) -> 3.4153793 | AB28: =AVERAGEIF($I$2:$I$577,T28,$M$2:$M$577) -> 20.610382 | AC28: =AVERAGEIF($I$2:$I$577,T28,$N$2:$N$577) -> 0.1657116 | AL28: 316 | AM28: 20.102195
A29: 4702 | B29: =VLOOKUP(A29,'[1]Nebris 11.27'!E:I,5,FALSE) -> 560 | C29: =VLOOKUP(A29,'[1]Nebris 11.28.23'!E:I,5,FALSE) -> 572 | D29: =B29-C29 -> -12 | E29: =AVERAGE(B29:C29) -> 566 | F29: 1 | G29: 3 | H29: 0.61999853 | I29: 212 | J29: =VLOOKUP(I29,$T$2:$X$57,5,FALSE) -> 25% MDGS Variable | K29: =VLOOKUP(A29,'[1]Interim '!E:I,5,FALSE)*0.96 -> 762.24 | L29: =(K29-E29)/58 -> 3.3834483 | M29: =VLOOKUP(I29,$AL$1:$AM$40,2,FALSE) -> 19.734967 | N29: =L29/M29 -> 0.17144433 | T29: 316 | U29: 2 | V29: 6 | W29: 0.58168133 | X29: 10% MDGS Constant | Y29: =AVERAGEIF($I$2:$I$577,T29,$E$2:$E$577) -> 626.9 | Z29: =AVERAGEIF($I$2:$I$577,T29,$K$2:$K$577) -> 838.464 | AA29: =AVERAGEIF($I$2:$I$577,T29,$L$2:$L$577) -> 3.6476552 | AB29: =AVERAGEIF($I$2:$I$577,T29,$M$2:$M$577) -> 20.102195 | AC29: =AVERAGEIF($I$2:$I$577,T29,$N$2:$N$577) -> 0.18145556 | AL29: 317 | AM29: 19.655293
A30: 4328 | B30: =VLOOKUP(A30,'[1]Nebris 11.27'!E:I,5,FALSE) -> 564 | C30: =VLOOKUP(A30,'[1]Nebris 11.28.23'!E:I,5,FALSE) -> 556 | D30: =B30-C30 -> 8 | E30: =AVERAGE(B30:C30) -> 560 | F30: 1 | G30: 3 | H30: 0.6575979 | I30: 213 | J30: =VLOOKUP(I30,$T$2:$X$57,5,FALSE) -> 10% MDGS Variable | K30: =VLOOKUP(A30,'[1]Interim '!E:I,5,FALSE)*0.96 -> 756.48 | L30: =(K30-E30)/58 -> 3.3875862 | M30: =VLOOKUP(I30,$AL$1:$AM$40,2,FALSE) -> 19.380345 | N30: =L30/M30 -> 0.17479494 | T30: 317 | U30: 2 | V30: 6 | W30: 0.65938196 | X30: Control | Y30: =AVERAGEIF($I$2:$I$577,T30,$E$2:$E$577) -> 626.2 | Z30: =AVERAGEIF($I$2:$I$577,T30,$K$2:$K$577) -> 819.264 | AA30: =AVERAGEIF($I$2:$I$577,T30,$L$2:$L$577) -> 3.3286897 | AB30: =AVERAGEIF($I$2:$I$577,T30,$M$2:$M$577) -> 19.655293 | AC30: =AVERAGEIF($I$2:$I$577,T30,$N$2:$N$577) -> 0.16935335 | AL30: 318 | AM30: 20.764817
A31: 4497 | B31: =VLOOKUP(A31,'[1]Nebris 11.27'!E:I,5,FALSE) -> 564 | C31: =VLOOKUP(A31,'[1]Nebris 11.28.23'!E:I,5,FALSE) -> 550 | D31: =B31-C31 -> 14 | E31: =AVERAGE(B31:C31) -> 557 | F31: 1 | G31: 3 | H31: 0.84590383 | I31: 214 | J31: =VLOOKUP(I31,$T$2:$X$57,5,FALSE) -> 25% MDGS Constant | K31: =VLOOKUP(A31,'[1]Interim '!E:I,5,FALSE)*0.96 -> 760.32 | L31: =(K31-E31)/58 -> 3.5055172 | M31: =VLOOKUP(I31,$AL$1:$AM$40,2,FALSE) -> 19.209834 | N31: =L31/M31 -> 0.18248555 | T31: 318 | U31: 2 | V31: 6 | W31: 0.88796535 | X31: 10% MDGS Variable | Y31: =AVERAGEIF($I$2:$I$577,T31,$E$2:$E$577) -> 628.5 | Z31: =AVERAGEIF($I$2:$I$577,T31,$K$2:$K$577) -> 811.584 | AA31: =AVERAGEIF($I$2:$I$577,T31,$L$2:$L$577) -> 3.1566207 | AB31: =AVERAGEIF($I$2:$I$577,T31,$M$2:$M$577) -> 20.764817 | AC31: =AVERAGEIF($I$2:$I$577,T31,$N$2:$N$577) -> 0.15201775 | AL31: 405 | AM31: 21.614662
A32: 4501 | B32: =VLOOKUP(A32,'[1]Nebris 11.27'!E:I,5,FALSE) -> 570 | C32: =VLOOKUP(A32,'[1]Nebris 11.28.23'!E:I,5,FALSE) -> 576 | D32: =B32-C32 -> -6 | E32: =AVERAGE(B32:C32) -> 573 | F32: 1 | G32: 4 | H32: 0.01228384 | I32: 205 | J32: =VLOOKUP(I32,$T$2:$X$57,5,FALSE) -> 10% MDGS Constant | K32: =VLOOKUP(A32,'[1]Interim '!E:I,5,FALSE)*0.96 -> 720 | L32: =(K32-E32)/58 -> 2.5344828 | M32: =VLOOKUP(I32,$AL$1:$AM$40,2,FALSE) -> 18.341718 | N32: =L32/M32 -> 0.13818132 | T32: 405 | U32: 3 | V32: 7 | W32: 0.0090366313 | X32: 10% MDGS Variable | Y32: =AVERAGEIF($I$2:$I$577,T32,$E$2:$E$577) -> 695.6 | Z32: =AVERAGEIF($I$2:$I$577,T32,$K$2:$K$577) -> 908.352 | AA32: =AVERAGEIF($I$2:$I$577,T32,$L$2:$L$577) -> 3.6681379 | AB32: =AVERAGEIF($I$2:$I$577,T32,$M$2:$M$577) -> 21.614662 | AC32: =AVERAGEIF($I$2:$I$577,T32,$N$2:$N$577) -> 0.169706 | AL32: 406 | AM32: 22.446449
A33: 4361 | B33: =VLOOKUP(A33,'[1]Nebris 11.27'!E:I,5,FALSE) -> 570 | C33: =VLOOKUP(A33,'[1]Nebris 11.28.23'!E:I,5,FALSE) -> 592 | D33: =B33-C33 -> -22 | E33: =AVERAGE(B33:C33) -> 581 | F33: 1 | G33: 4 | H33: 0.17528597 | I33: 206 | J33: =VLOOKUP(I33,$T$2:$X$57,5,FALSE) -> 10% MDGS Variable | K33: =VLOOKUP(A33,'[1]Interim '!E:I,5,FALSE)*0.96 -> 804.48 | L33: =(K33-E33)/58 -> 3.8531034 | M33: =VLOOKUP(I33,$AL$1:$AM$40,2,FALSE) -> 18.076576 | N33: =L33/M33 -> 0.2131545 | T33: 406 | U33: 3 | V33: 7 | W33: 0.51593629 | X33: 10% MDGS Constant | Y33: =AVERAGEIF($I$2:$I$577,T33,$E$2:$E$577) -> 702.7 | Z33: =AVERAGEIF($I$2:$I$577,T33,$K$2:$K$577) -> 924.096 | AA33: =AVERAGEIF($I$2:$I$577,T33,$L$2:$L$577) -> 3.8171724 | AB33: =AVERAGEIF($I$2:$I$577,T33,$M$2:$M$577) -> 22.446449 | AC33: =AVERAGEIF($I$2:$I$577,T33,$N$2:$N$577) -> 0.17005685 | AL33: 407 | AM33: 21.57522
A34: 4469 | B34: =VLOOKUP(A34,'[1]Nebris 11.27'!E:I,5,FALSE) -> 566 | C34: =VLOOKUP(A34,'[1]Nebris 11.28.23'!E:I,5,FALSE) -> 574 | D34: =B34-C34 -> -8 | E34: =AVERAGE(B34:C34) -> 570 | F34: 1 | G34: 4 | H34: 0.27520012 | I34: 207 | J34: =VLOOKUP(I34,$T$2:$X$57,5,FALSE) -> Control | K34: =VLOOKUP(A34,'[1]Interim '!E:I,5,FALSE)*0.96 -> 771.84 | L34: =(K34-E34)/58 -> 3.48 | M34: =VLOOKUP(I34,$AL$1:$AM$40,2,FALSE) -> 18.548331 | N34: =L34/M34 -> 0.18761796 | T34: 407 | U34: 3 | V34: 7 | W34: 0.82183375 | X34: 25% MDGS Variable | Y34: =AVERAGEIF($I$2:$I$577,T34,$E$2:$E$577) -> 699.8 | Z34: =AVERAGEIF($I$2:$I$577,T34,$K$2:$K$577) -> 871.68 | AA34: =AVERAGEIF($I$2:$I$577,T34,$L$2:$L$577) -> 2.9634483 | AB34: =AVERAGEIF($I$2:$I$577,T34,$M$2:$M$577) -> 21.57522 | AC34: =AVERAGEIF($I$2:$I$577,T34,$N$2:$N$577) -> 0.13735426 | AL34: 408 | AM34: 20.467026
A35: 4486 | B35: =VLOOKUP(A35,'[1]Nebris 11.27'!E:I,5,FALSE) -> 570 | C35: =VLOOKUP(A35,'[1]Nebris 11.28.23'!E:I,5,FALSE) -> 584 | D35: =B35-C35 -> -14 | E35: =AVERAGE(B35:C35) -> 577 | F35: 1 | G35: 4 | H35: 0.40382694 | I35: 208 | J35: =VLOOKUP(I35,$T$2:$X$57,5,FALSE) -> 25% MDGS Variable | K35: =VLOOKUP(A35,'[1]Interim '!E:I,5,FALSE)*0.96 -> 816 | L35: =(K35-E35)/58 -> 4.1206897 | M35: =VLOOKUP(I35,$AL$1:$AM$40,2,FALSE) -> 20.130157 | N35: =L35/M35 -> 0.20470231 | T35: 408 | U35: 3 | V35: 7 | W35: 0.93784093 | X35: Control | Y35: =AVERAGEIF($I$2:$I$577,T35,$E$2:$E$577) -> 697.6 | Z35: =AVERAGEIF($I$2:$I$577,T35,$K$2:$K$577) -> 872.256 | AA35: =AVERAGEIF($I$2:$I$577,T35,$L$2:$L$577) -> 3.0113103 | AB35: =AVERAGEIF($I$2:$I$577,T35,$M$2:$M$577) -> 20.467026 | AC35: =AVERAGEIF($I$2:$I$577,T35,$N$2:$N$577) -> 0.14712984 | AL35: 409 | AM35: 22.100418
A36: 4425 | B36: =VLOOKUP(A36,'[1]Nebris 11.27'!E:I,5,FALSE) -> 570 | C36: =VLOOKUP(A36,'[1]Nebris 11.28.23'!E:I,5,FALSE) -> 580 | D36: =B36-C36 -> -10 | E36: =AVERAGE(B36:C36) -> 575 | F36: 1 | G36: 4 | H36: 0.46401232 | I36: 209 | J36: =VLOOKUP(I36,$T$2:$X$57,5,FALSE) -> 25% MDGS Constant | K36: =VLOOKUP(A36,'[1]Interim '!E:I,5,FALSE)*0.96 -> 804.48 | L36: =(K36-E36)/58 -> 3.9565517 | M36: =VLOOKUP(I36,$AL$1:$AM$40,2,FALSE) -> 19.349137 | N36: =L36/M36 -> 0.20448208 | T36: 409 | U36: 3 | V36: 7 | W36: 0.96875852 | X36: 25% MDGS Constant | Y36: =AVERAGEIF($I$2:$I$577,T36,$E$2:$E$577) -> 692.9 | Z36: =AVERAGEIF($I$2:$I$577,T36,$K$2:$K$577) -> 910.464 | AA36: =AVERAGEIF($I$2:$I$577,T36,$L$2:$L$577) -> 3.7511034 | AB36: =AVERAGEIF($I$2:$I$577,T36,$M$2:$M$577) -> 22.100418 | AC36: =AVERAGEIF($I$2:$I$577,T36,$N$2:$N$577) -> 0.16972998 | AL36: 410 | AM36: 20.775881
A37: 4546 | B37: =VLOOKUP(A37,'[1]Nebris 11.27'!E:I,5,FALSE) -> 570 | C37: =VLOOKUP(A37,'[1]Nebris 11.28.23'!E:I,5,FALSE) -> 576 | D37: =B37-C37 -> -6 | E37: =AVERAGE(B37:C37) -> 573 | F37: 1 | G37: 4 | H37: 0.51250615 | I37: 210 | J37: =VLOOKUP(I37,$T$2:$X$57,5,FALSE) -> 10% MDGS Constant | K37: =VLOOKUP(A37,'[1]Interim '!E:I,5,FALSE)*0.96 -> 737.28 | L37: =(K37-E37)/58 -> 2.8324138 | M37: =VLOOKUP(I37,$AL$1:$AM$40,2,FALSE) -> 17.600604 | N37: =L37/M37 -> 0.16092708 | T37: 410 | U37: 3 | V37: 8 | W37: 0.024862516 | X37: 25% MDGS Variable | Y37: =AVERAGEIF($I$2:$I$577,T37,$E$2:$E$577) -> 699.8 | Z37: =AVERAGEIF($I$2:$I$577,T37,$K$2:$K$577) -> 877.248 | AA37: =AVERAGEIF($I$2:$I$577,T37,$L$2:$L$577) -> 3.0594483 | AB37: =AVERAGEIF($I$2:$I$577,T37,$M$2:$M$577) -> 20.775881 | AC37: =AVERAGEIF($I$2:$I$577,T37,$N$2:$N$577) -> 0.14725962 | AL37: 411 | AM37: 20.848576
A38: 4716 | B38: =VLOOKUP(A38,'[1]Nebris 11.27'!E:I,5,FALSE) -> 564 | C38: =VLOOKUP(A38,'[1]Nebris 11.28.23'!E:I,5,FALSE) -> 552 | D38: =B38-C38 -> 12 | E38: =AVERAGE(B38:C38) -> 558 | F38: 1 | G38: 4 | H38: 0.67462159 | I38: 211 | J38: =VLOOKUP(I38,$T$2:$X$57,5,FALSE) -> Control | K38: =VLOOKUP(A38,'[1]Interim '!E:I,5,FALSE)*0.96 -> 681.6 | L38: =(K38-E38)/58 -> 2.1310345 | M38: =VLOOKUP(I38,$AL$1:$AM$40,2,FALSE) -> 16.604744 | N38: =L38/M38 -> 0.1283389 | T38: 411 | U38: 3 | V38: 8 | W38: 0.075615844 | X38: 10% MDGS Constant | Y38: =AVERAGEIF($I$2:$I$577,T38,$E$2:$E$577) -> 700.11111 | Z38: =AVERAGEIF($I$2:$I$577,T38,$K$2:$K$577) -> 887.04 | AA38: =AVERAGEIF($I$2:$I$577,T38,$L$2:$L$577) -> 3.2229119 | AB38: =AVERAGEIF($I$2:$I$577,T38,$M$2:$M$577) -> 20.848576 | AC38: =AVERAGEIF($I$2:$I$577,T38,$N$2:$N$577) -> 0.15458667 | AL38: 412 | AM38: 20.855004
... A40: 4772 | B40: =VLOOKUP(A40,'[1]Nebris 11.27'!E:I,5,FALSE) -> 566 | C40: =VLOOKUP(A40,'[1]Nebris 11.28.23'!E:I,5,FALSE) -> 570 | D40: =B40-C40 -> -4 | E40: =AVERAGE(B40:C40) -> 568 | F40: 1 | G40: 4 | H40: 0.83502981 | I40: 213 | J40: =VLOOKUP(I40,$T$2:$X$57,5,FALSE) -> 10% MDGS Variable | K40: =VLOOKUP(A40,'[1]Interim '!E:I,5,FALSE)*0.96 -> 754.56 | L40: =(K40-E40)/58 -> 3.2165517 | M40: =VLOOKUP(I40,$AL$1:$AM$40,2,FALSE) -> 19.380345 | N40: =L40/M40 -> 0.16596978 | T40: 413 | U40: 3 | V40: 8 | W40: 0.43684469 | X40: 25% MDGS Constant | Y40: =AVERAGEIF($I$2:$I$577,T40,$E$2:$E$577) -> 700.4 | Z40: =AVERAGEIF($I$2:$I$577,T40,$K$2:$K$577) -> 941.952 | AA40: =AVERAGEIF($I$2:$I$577,T40,$L$2:$L$577) -> 4.1646897 | AB40: =AVERAGEIF($I$2:$I$577,T40,$M$2:$M$577) -> 22.388856 | AC40: =AVERAGEIF($I$2:$I$577,T40,$N$2:$N$577) -> 0.18601619 | AL40: 414 | AM40: 22.801713
A41: 4450 | B41: =VLOOKUP(A41,'[1]Nebris 11.27'!E:I,5,FALSE) -> 570 | C41: =VLOOKUP(A41,'[1]Nebris 11.28.23'!E:I,5,FALSE) -> 570 | D41: =B41-C41 -> 0 | E41: =AVERAGE(B41:C41) -> 570 | F41: 1 | G41: 4 | H41: 0.98729662 | I41: 214 | J41: =VLOOKUP(I41,$T$2:$X$57,5,FALSE) -> 25% MDGS Constant | K41: =VLOOKUP(A41,'[1]Interim '!E:I,5,FALSE)*0.96 -> 727.68 | L41: =(K41-E41)/58 -> 2.7186207 | M41: =VLOOKUP(I41,$AL$1:$AM$40,2,FALSE) -> 19.209834 | N41: =L41/M41 -> 0.14152234 | T41: 414 | U41: 3 | V41: 8 | W41: 0.9029848 | X41: 10% MDGS Variable | Y41: =AVERAGEIF($I$2:$I$577,T41,$E$2:$E$577) -> 695.2 | Z41: =AVERAGEIF($I$2:$I$577,T41,$K$2:$K$577) -> 900.096 | AA41: =AVERAGEIF($I$2:$I$577,T41,$L$2:$L$577) -> 3.5326897 | AB41: =AVERAGEIF($I$2:$I$577,T41,$M$2:$M$577) -> 22.801713 | AC41: =AVERAGEIF($I$2:$I$577,T41,$N$2:$N$577) -> 0.15493089
A42: 4578 | B42: =VLOOKUP(A42,'[1]Nebris 11.27'!E:I,5,FALSE) -> 572 | C42: =VLOOKUP(A42,'[1]Nebris 11.28.23'!E:I,5,FALSE) -> 574 | D42: =B42-C42 -> -2 | E42: =AVERAGE(B42:C42) -> 573 | F42: 1 | G42: 5 | H42: 0.24621198 | I42: 205 | J42: =VLOOKUP(I42,$T$2:$X$57,5,FALSE) -> 10% MDGS Constant | K42: =VLOOKUP(A42,'[1]Interim '!E:I,5,FALSE)*0.96 -> 746.88 | L42: =(K42-E42)/58 -> 2.997931 | M42: =VLOOKUP(I42,$AL$1:$AM$40,2,FALSE) -> 18.341718 | N42: =L42/M42 -> 0.16344876
A43: 4407 | B43: =VLOOKUP(A43,'[1]Nebris 11.27'!E:I,5,FALSE) -> 572 | C43: =VLOOKUP(A43,'[1]Nebris 11.28.23'!E:I,5,FALSE) -> 576 | D43: =B43-C43 -> -4 | E43: =AVERAGE(B43:C43) -> 574 | F43: 1 | G43: 5 | H43: 0.29972765 | I43: 206 | J43: =VLOOKUP(I43,$T$2:$X$57,5,FALSE) -> 10% MDGS Variable | K43: =VLOOKUP(A43,'[1]Interim '!E:I,5,FALSE)*0.96 -> 779.52 | L43: =(K43-E43)/58 -> 3.5434483 | M43: =VLOOKUP(I43,$AL$1:$AM$40,2,FALSE) -> 18.076576 | N43: =L43/M43 -> 0.19602431
A44: 4341 | B44: =VLOOKUP(A44,'[1]Nebris 11.27'!E:I,5,FALSE) -> 574 | C44: =VLOOKUP(A44,'[1]Nebris 11.28.23'!E:I,5,FALSE) -> 584 | D44: =B44-C44 -> -10 | E44: =AVERAGE(B44:C44) -> 579 | F44: 1 | G44: 5 | H44: 0.36184804 | I44: 207 | J44: =VLOOKUP(I44,$T$2:$X$57,5,FALSE) -> Control | K44: =VLOOKUP(A44,'[1]Interim '!E:I,5,FALSE)*0.96 -> 739.2 | L44: =(K44-E44)/58 -> 2.762069 | M44: =VLOOKUP(I44,$AL$1:$AM$40,2,FALSE) -> 18.548331 | N44: =L44/M44 -> 0.148912
A45: 4503 | B45: =VLOOKUP(A45,'[1]Nebris 11.27'!E:I,5,FALSE) -> 572 | C45: =VLOOKUP(A45,'[1]Nebris 11.28.23'!E:I,5,FALSE) -> 578 | D45: =B45-C45 -> -6 | E45: =AVERAGE(B45:C45) -> 575 | F45: 1 | G45: 5 | H45: 0.42907569 | I45: 208 | J45: =VLOOKUP(I45,$T$2:$X$57,5,FALSE) -> 25% MDGS Variable | K45: =VLOOKUP(A45,'[1]Interim '!E:I,5,FALSE)*0.96 -> 787.2 | L45: =(K45-E45)/58 -> 3.6586207 | M45: =VLOOKUP(I45,$AL$1:$AM$40,2,FALSE) -> 20.130157 | N45: =L45/M45 -> 0.18174824
A46: 4518 | B46: =VLOOKUP(A46,'[1]Nebris 11.27'!E:I,5,FALSE) -> 572 | C46: =VLOOKUP(A46,'[1]Nebris 11.28.23'!E:I,5,FALSE) -> 566 | D46: =B46-C46 -> 6 | E46: =AVERAGE(B46:C46) -> 569 | F46: 1 | G46: 5 | H46: 0.46217392 | I46: 209 | J46: =VLOOKUP(I46,$T$2:$X$57,5,FALSE) -> 25% MDGS Constant | K46: =VLOOKUP(A46,'[1]Interim '!E:I,5,FALSE)*0.96 -> 758.4 | L46: =(K46-E46)/58 -> 3.2655172 | M46: =VLOOKUP(I46,$AL$1:$AM$40,2,FALSE) -> 19.349137 | N46: =L46/M46 -> 0.16876811
A47: 4613 | B47: =VLOOKUP(A47,'[1]Nebris 11.27'!E:I,5,FALSE) -> 571 | C47: =VLOOKUP(A47,'[1]Nebris 11.28.23'!E:I,5,FALSE) -> 580 | D47: =B47-C47 -> -9 | E47: =AVERAGE(B47:C47) -> 575.5 | F47: 1 | G47: 5 | H47: 0.51552157 | I47: 210 | J47: =VLOOKUP(I47,$T$2:$X$57,5,FALSE) -> 10% MDGS Constant | K47: =VLOOKUP(A47,'[1]Interim '!E:I,5,FALSE)*0.96 -> 754.56 | L47: =(K47-E47)/58 -> 3.0872414 | M47: =VLOOKUP(I47,$AL$1:$AM$40,2,FALSE) -> 17.600604 | N47: =L47/M47 -> 0.17540542
A48: 4316 | B48: =VLOOKUP(A48,'[1]Nebris 11.27'!E:I,5,FALSE) -> 572 | C48: =VLOOKUP(A48,'[1]Nebris 11.28.23'!E:I,5,FALSE) -> 578 | D48: =B48-C48 -> -6 | E48: =AVERAGE(B48:C48) -> 575 | F48: 1 | G48: 5 | H48: 0.82525414 | I48: 211 | J48: =VLOOKUP(I48,$T$2:$X$57,5,FALSE) -> Control | K48: =VLOOKUP(A48,'[1]Interim '!E:I,5,FALSE)*0.96 -> 702.72 | L48: =(K48-E48)/58 -> 2.202069 | M48: =VLOOKUP(I48,$AL$1:$AM$40,2,FALSE) -> 16.604744 | N48: =L48/M48 -> 0.13261686
A49: 4468 | B49: =VLOOKUP(A49,'[1]Nebris 11.27'!E:I,5,FALSE) -> 572 | C49: =VLOOKUP(A49,'[1]Nebris 11.28.23'!E:I,5,FALSE) -> 572 | D49: =B49-C49 -> 0 | E49: =AVERAGE(B49:C49) -> 572 | F49: 1 | G49: 5 | H49: 0.84882639 | I49: 212 | J49: =VLOOKUP(I49,$T$2:$X$57,5,FALSE) -> 25% MDGS Variable | K49: =VLOOKUP(A49,'[1]Interim '!E:I,5,FALSE)*0.96 -> 806.4 | L49: =(K49-E49)/58 -> 4.0413793 | M49: =VLOOKUP(I49,$AL$1:$AM$40,2,FALSE) -> 19.734967 | N49: =L49/M49 -> 0.20478267
A50: 4399 | B50: =VLOOKUP(A50,'[1]Nebris 11.27'!E:I,5,FALSE) -> 572 | C50: =VLOOKUP(A50,'[1]Nebris 11.28.23'!E:I,5,FALSE) -> 572 | D50: =B50-C50 -> 0 | E50: =AVERAGE(B50:C50) -> 572 | F50: 1 | G50: 5 | H50: 0.90711589 | I50: 213 | J50: =VLOOKUP(I50,$T$2:$X$57,5,FALSE) -> 10% MDGS Variable | K50: =VLOOKUP(A50,'[1]Interim '!E:I,5,FALSE)*0.96 -> 764.16 | L50: =(K50-E50)/58 -> 3.3131034 | M50: =VLOOKUP(I50,$AL$1:$AM$40,2,FALSE) -> 19.380345 | N50: =L50/M50 -> 0.17095172
A51: 4721 | B51: =VLOOKUP(A51,'[1]Nebris 11.27'!E:I,5,FALSE) -> 570 | C51: =VLOOKUP(A51,'[1]Nebris 11.28.23'!E:I,5,FALSE) -> 572 | D51: =B51-C51 -> -2 | E51: =AVERAGE(B51:C51) -> 571 | F51: 1 | G51: 5 | H51: 0.9145634 | I51: 214 | J51: =VLOOKUP(I51,$T$2:$X$57,5,FALSE) -> 25% MDGS Constant | K51: =VLOOKUP(A51,'[1]Interim '!E:I,5,FALSE)*0.96 -> 817.92 | L51: =(K51-E51)/58 -> 4.2572414 | M51: =VLOOKUP(I51,$AL$1:$AM$40,2,FALSE) -> 19.209834 | N51: =L51/M51 -> 0.22161781
A52: 4348 | B52: =VLOOKUP(A52,'[1]Nebris 11.27'!E:I,5,FALSE) -> 576 | C52: =VLOOKUP(A52,'[1]Nebris 11.28.23'!E:I,5,FALSE) -> 564 | D52: =B52-C52 -> 12 | E52: =AVERAGE(B52:C52) -> 570 | F52: 1 | G52: 6 | H52: 0.059768612 | I52: 205 | J52: =VLOOKUP(I52,$T$2:$X$57,5,FALSE) -> 10% MDGS Constant | K52: =VLOOKUP(A52,'[1]Interim '!E:I,5,FALSE)*0.96 -> 764.16 | L52: =(K52-E52)/58 -> 3.3475862 | M52: =VLOOKUP(I52,$AL$1:$AM$40,2,FALSE) -> 18.341718 | N52: =L52/M52 -> 0.18251214
A53: 4424 | B53: =VLOOKUP(A53,'[1]Nebris 11.27'!E:I,5,FALSE) -> 576 | C53: =VLOOKUP(A53,'[1]Nebris 11.28.23'!E:I,5,FALSE) -> 582 | D53: =B53-C53 -> -6 | E53: =AVERAGE(B53:C53) -> 579 | F53: 1 | G53: 6 | H53: 0.22944019 | I53: 206 | J53: =VLOOKUP(I53,$T$2:$X$57,5,FALSE) -> 10% MDGS Variable | K53: =VLOOKUP(A53,'[1]Interim '!E:I,5,FALSE)*0.96 -> 800.64 | L53: =(K53-E53)/58 -> 3.8213793 | M53: =VLOOKUP(I53,$AL$1:$AM$40,2,FALSE) -> 18.076576 | N53: =L53/M53 -> 0.21139951
... A168: 4350 | B168: =VLOOKUP(A168,'[1]Nebris 11.27'!E:I,5,FALSE) -> 616 | C168: =VLOOKUP(A168,'[1]Nebris 11.28.23'!E:I,5,FALSE) -> 620 | D168: =B168-C168 -> -4 | E168: =AVERAGE(B168:C168) -> 618 | F168: 2 | G168: 4 | H168: 0.32071294 | I168: 305 | J168: =VLOOKUP(I168,$T$2:$X$57,5,FALSE) -> 10% MDGS Constant | K168: =VLOOKUP(A168,'[1]Interim '!E:I,5,FALSE)*0.96 -> 791.04 | L168: =(K168-E168)/58 -> 2.9834483 | M168: =VLOOKUP(I168,$AL$1:$AM$40,2,FALSE) -> 18.368633 | N168: =L168/M168 -> 0.16242081
A169: 4465 | B169: =VLOOKUP(A169,'[1]Nebris 11.27'!E:I,5,FALSE) -> 618 | C169: =VLOOKUP(A169,'[1]Nebris 11.28.23'!E:I,5,FALSE) -> 608 | D169: =B169-C169 -> 10 | E169: =AVERAGE(B169:C169) -> 613 | F169: 2 | G169: 4 | H169: 0.33869634 | I169: 306* | J169: =VLOOKUP(I169,$T$2:$X$57,5,FALSE) -> #N/A | L169: . | M169: =VLOOKUP(I169,$AL$1:$AM$40,2,FALSE) -> #N/A | N169: =L169/M169 -> #VALUE!
A170: 4704 | B170: =VLOOKUP(A170,'[1]Nebris 11.27'!E:I,5,FALSE) -> 616 | C170: =VLOOKUP(A170,'[1]Nebris 11.28.23'!E:I,5,FALSE) -> 602 | D170: =B170-C170 -> 14 | E170: =AVERAGE(B170:C170) -> 609 | F170: 2 | G170: 4 | H170: 0.46427678 | I170: 307 | J170: =VLOOKUP(I170,$T$2:$X$57,5,FALSE) -> 25% MDGS Variable | K170: =VLOOKUP(A170,'[1]Interim '!E:I,5,FALSE)*0.96 -> 842.88 | L170: =(K170-E170)/58 -> 4.0324138 | M170: =VLOOKUP(I170,$AL$1:$AM$40,2,FALSE) -> 19.036106 | N170: =L170/M170 -> 0.21182977
A171: 4378 | B171: =VLOOKUP(A171,'[1]Nebris 11.27'!E:I,5,FALSE) -> 618 | C171: =VLOOKUP(A171,'[1]Nebris 11.28.23'!E:I,5,FALSE) -> 614 | D171: =B171-C171 -> 4 | E171: =AVERAGE(B171:C171) -> 616 | F171: 2 | G171: 4 | H171: 0.5348241 | I171: 308 | J171: =VLOOKUP(I171,$T$2:$X$57,5,FALSE) -> 25% MDGS Constant | K171: =VLOOKUP(A171,'[1]Interim '!E:I,5,FALSE)*0.96 -> 779.52 | L171: =(K171-E171)/58 -> 2.8193103 | M171: =VLOOKUP(I171,$AL$1:$AM$40,2,FALSE) -> 19.826311 | N171: =L171/M171 -> 0.14220045
A172: 4406 | B172: =VLOOKUP(A172,'[1]Nebris 11.27'!E:I,5,FALSE) -> 618 | C172: =VLOOKUP(A172,'[1]Nebris 11.28.23'!E:I,5,FALSE) -> 626 | D172: =B172-C172 -> -8 | E172: =AVERAGE(B172:C172) -> 622 | F172: 2 | G172: 4 | H172: 0.60587619 | I172: 309 | J172: =VLOOKUP(I172,$T$2:$X$57,5,FALSE) -> Control | K172: =VLOOKUP(A172,'[1]Interim '!E:I,5,FALSE)*0.96 -> 887.04 | L172: =(K172-E172)/58 -> 4.5696552 | M172: =VLOOKUP(I172,$AL$1:$AM$40,2,FALSE) -> 19.729599 | N172: =L172/M172 -> 0.23161419
A173: 4368 | B173: =VLOOKUP(A173,'[1]Nebris 11.27'!E:I,5,FALSE) -> 616 | C173: =VLOOKUP(A173,'[1]Nebris 11.28.23'!E:I,5,FALSE) -> 618 | D173: =B173-C173 -> -2 | E173: =AVERAGE(B173:C173) -> 617 | F173: 2 | G173: 4 | H173: 0.6660122 | I173: 310 | J173: =VLOOKUP(I173,$T$2:$X$57,5,FALSE) -> 10% MDGS Variable | K173: =VLOOKUP(A173,'[1]Interim '!E:I,5,FALSE)*0.96 -> 794.88 | L173: =(K173-E173)/58 -> 3.0668966 | M173: =VLOOKUP(I173,$AL$1:$AM$40,2,FALSE) -> 20.764817 | N173: =L173/M173 -> 0.14769678
A174: 4472 | B174: =VLOOKUP(A174,'[1]Nebris 11.27'!E:I,5,FALSE) -> 618 | C174: =VLOOKUP(A174,'[1]Nebris 11.28.23'!E:I,5,FALSE) -> 604 | D174: =B174-C174 -> 14 | E174: =AVERAGE(B174:C174) -> 611 | F174: 2 | G174: 4 | H174: 0.66733532 | I174: 311 | J174: =VLOOKUP(I174,$T$2:$X$57,5,FALSE) -> 10% MDGS Constant | K174: =VLOOKUP(A174,'[1]Interim '!E:I,5,FALSE)*0.96 -> 771.84 | L174: =(K174-E174)/58 -> 2.7731034 | M174: kpi | N174: k
A175: 4481 | B175: =VLOOKUP(A175,'[1]Nebris 11.27'!E:I,5,FALSE) -> 618 | C175: =VLOOKUP(A175,'[1]Nebris 11.28.23'!E:I,5,FALSE) -> 630 | D175: =B175-C175 -> -12 | E175: =AVERAGE(B175:C175) -> 624 | F175: 2 | G175: 4 | H175: 0.72287182 | I175: 312 | J175: =VLOOKUP(I175,$T$2:$X$57,5,FALSE) -> 25% MDGS Constant | K175: =VLOOKUP(A175,'[1]Interim '!E:I,5,FALSE)*0.96 -> 794.88 | L175: =(K175-E175)/58 -> 2.9462069 | M175: =VLOOKUP(I175,$AL$1:$AM$40,2,FALSE) -> 20.72641 | N175: =L175/M175 -> 0.14214747
A176: 4488 | B176: =VLOOKUP(A176,'[1]Nebris 11.27'!E:I,5,FALSE) -> 618 | C176: =VLOOKUP(A176,'[1]Nebris 11.28.23'!E:I,5,FALSE) -> 608 | D176: =B176-C176 -> 10 | E176: =AVERAGE(B176:C176) -> 613 | F176: 2 | G176: 4 | H176: 0.72476465 | I176: 313 | J176: =VLOOKUP(I176,$T$2:$X$57,5,FALSE) -> 25% MDGS Variable | K176: =VLOOKUP(A176,'[1]Interim '!E:I,5,FALSE)*0.96 -> 764.16 | L176: , m | M176: =VLOOKUP(I176,$AL$1:$AM$40,2,FALSE) -> 20.372525 | N176: =L176/M176 -> #VALUE!
A177: 4351 | B177: =VLOOKUP(A177,'[1]Nebris 11.27'!E:I,5,FALSE) -> 616 | C177: =VLOOKUP(A177,'[1]Nebris 11.28.23'!E:I,5,FALSE) -> 612 | D177: =B177-C177 -> 4 | E177: =AVERAGE(B177:C177) -> 614 | F177: 2 | G177: 4 | H177: 0.77649216 | I177: 314 | J177: =VLOOKUP(I177,$T$2:$X$57,5,FALSE) -> 25% MDGS Variable | K177: =VLOOKUP(A177,'[1]Interim '!E:I,5,FALSE)*0.96 -> 808.32 | L177: =(K177-E177)/58 -> 3.3503448 | M177: =VLOOKUP(I177,$AL$1:$AM$40,2,FALSE) -> 21.540377 | N177: =L177/M177 -> 0.15553789
A178: 4323 | B178: =VLOOKUP(A178,'[1]Nebris 11.27'!E:I,5,FALSE) -> 618 | C178: =VLOOKUP(A178,'[1]Nebris 11.28.23'!E:I,5,FALSE) -> 626 | D178: =B178-C178 -> -8 | E178: =AVERAGE(B178:C178) -> 622 | F178: 2 | G178: 4 | H178: 0.86983317 | I178: 315 | J178: =VLOOKUP(I178,$T$2:$X$57,5,FALSE) -> 25% MDGS Constant | K178: =VLOOKUP(A178,'[1]Interim '!E:I,5,FALSE)*0.96 -> 802.56 | L178: =(K178-E178)/58 -> 3.1131034 | M178: =VLOOKUP(I178,$AL$1:$AM$40,2,FALSE) -> 20.610382 | N178: =L178/M178 -> 0.15104541
A179: 4642 | B179: =VLOOKUP(A179,'[1]Nebris 11.27'!E:I,5,FALSE) -> 618 | C179: =VLOOKUP(A179,'[1]Nebris 11.28.23'!E:I,5,FALSE) -> 618 | D179: =B179-C179 -> 0 | E179: =AVERAGE(B179:C179) -> 618 | F179: 2 | G179: 4 | H179: 0.88389775 | I179: 316 | J179: =VLOOKUP(I179,$T$2:$X$57,5,FALSE) -> 10% MDGS Constant | K179: =VLOOKUP(A179,'[1]Interim '!E:I,5,FALSE)*0.96 -> 783.36 | L179: =(K179-E179)/58 -> 2.8510345 | M179: =VLOOKUP(I179,$AL$1:$AM$40,2,FALSE) -> 20.102195 | N179: =L179/M179 -> 0.14182702
A180: 4413 | B180: =VLOOKUP(A180,'[1]Nebris 11.27'!E:I,5,FALSE) -> 618 | C180: =VLOOKUP(A180,'[1]Nebris 11.28.23'!E:I,5,FALSE) -> 626 | D180: =B180-C180 -> -8 | E180: =AVERAGE(B180:C180) -> 622 | F180: 2 | G180: 4 | H180: 0.91919561 | I180: 317 | J180: =VLOOKUP(I180,$T$2:$X$57,5,FALSE) -> Control | K180: =VLOOKUP(A180,'[1]Interim '!E:I,5,FALSE)*0.96 -> 833.28 | L180: =(K180-E180)/58 -> 3.6427586 | M180: =VLOOKUP(I180,$AL$1:$AM$40,2,FALSE) -> 19.655293 | N180: =L180/M180 -> 0.18533219
A181: 4559 | B181: =VLOOKUP(A181,'[1]Nebris 11.27'!E:I,5,FALSE) -> 616 | C181: =VLOOKUP(A181,'[1]Nebris 11.28.23'!E:I,5,FALSE) -> 620 | D181: =B181-C181 -> -4 | E181: =AVERAGE(B181:C181) -> 618 | F181: 2 | G181: 4 | H181: 0.98343249 | I181: 318 | J181: =VLOOKUP(I181,$T$2:$X$57,5,FALSE) -> 10% MDGS Variable | K181: =VLOOKUP(A181,'[1]Interim '!E:I,5,FALSE)*0.96 -> 804.48 | L181: =(K181-E181)/58 -> 3.2151724 | M181: =VLOOKUP(I181,$AL$1:$AM$40,2,FALSE) -> 20.764817 | N181: =L181/M181 -> 0.15483751
A182: 4531 | B182: =VLOOKUP(A182,'[1]Nebris 11.27'!E:I,5,FALSE) -> 624 | C182: =VLOOKUP(A182,'[1]Nebris 11.28.23'!E:I,5,FALSE) -> 636 | D182: =B182-C182 -> -12 | E182: =AVERAGE(B182:C182) -> 630 | F182: 2 | G182: 5 | H182: 0.0068033846 | I182: 215 | J182: =VLOOKUP(I182,$T$2:$X$57,5,FALSE) -> 10% MDGS Variable | K182: =VLOOKUP(A182,'[1]Interim '!E:I,5,FALSE)*0.96 -> 645.12 | L182: =(K182-E182)/58 -> 0.26068966 | M182: =VLOOKUP(I182,$AL$1:$AM$40,2,FALSE) -> 19.107699 | N182: =L182/M182 -> 0.013643173
A183: 4511 | B183: =VLOOKUP(A183,'[1]Nebris 11.27'!E:I,5,FALSE) -> 620 | C183: =VLOOKUP(A183,'[1]Nebris 11.28.23'!E:I,5,FALSE) -> 602 | D183: =B183-C183 -> 18 | E183: =AVERAGE(B183:C183) -> 611 | F183: 2 | G183: 5 | H183: 0.014701751 | I183: 216 | J183: =VLOOKUP(I183,$T$2:$X$57,5,FALSE) -> 10% MDGS Constant | K183: =VLOOKUP(A183,'[1]Interim '!E:I,5,FALSE)*0.96 -> 771.84 | L183: =(K183-E183)/58 -> 2.7731034 | M183: =VLOOKUP(I183,$AL$1:$AM$40,2,FALSE) -> 20.39879 | N183: =L183/M183 -> 0.13594451
A184: 4646 | B184: =VLOOKUP(A184,'[1]Nebris 11.27'!E:I,5,FALSE) -> 624 | C184: =VLOOKUP(A184,'[1]Nebris 11.28.23'!E:I,5,FALSE) -> 640 | D184: =B184-C184 -> -16 | E184: =AVERAGE(B184:C184) -> 632 | F184: 2 | G184: 5 | H184: 0.027485195 | I184: 301 | J184: =VLOOKUP(I184,$T$2:$X$57,5,FALSE) -> 25% MDGS Constant | K184: =VLOOKUP(A184,'[1]Interim '!E:I,5,FALSE)*0.96 -> 837.12 | L184: =(K184-E184)/58 -> 3.5365517 | M184: =VLOOKUP(I184,$AL$1:$AM$40,2,FALSE) -> 19.764341 | N184: =L184/M184 -> 0.17893598
A185: 4500 | B185: =VLOOKUP(A185,'[1]Nebris 11.27'!E:I,5,FALSE) -> 622 | C185: =VLOOKUP(A185,'[1]Nebris 11.28.23'!E:I,5,FALSE) -> 612 | D185: =B185-C185 -> 10 | E185: =AVERAGE(B185:C185) -> 617 | F185: 2 | G185: 5 | H185: 0.034243382 | I185: 302 | J185: =VLOOKUP(I185,$T$2:$X$57,5,FALSE) -> 25% MDGS Variable | K185: =VLOOKUP(A185,'[1]Interim '!E:I,5,FALSE)*0.96 -> 721.92 | L185: =(K185-E185)/58 -> 1.8089655 | M185: =VLOOKUP(I185,$AL$1:$AM$40,2,FALSE) -> 18.146164 | N185: =L185/M185 -> 0.099688592
A186: 4321 | B186: =VLOOKUP(A186,'[1]Nebris 11.27'!E:I,5,FALSE) -> 626 | C186: =VLOOKUP(A186,'[1]Nebris 11.28.23'!E:I,5,FALSE) -> 640 | D186: =B186-C186 -> -14 | E186: =AVERAGE(B186:C186) -> 633 | F186: 2 | G186: 5 | H186: 0.12680061 | I186: 303 | J186: =VLOOKUP(I186,$T$2:$X$57,5,FALSE) -> Control | K186: =VLOOKUP(A186,'[1]Interim '!E:I,5,FALSE)*0.96 -> 856.32 | L186: =(K186-E186)/58 -> 3.8503448 | M186: =VLOOKUP(I186,$AL$1:$AM$40,2,FALSE) -> 18.06332 | N186: =L186/M186 -> 0.2131582
A187: 4527 | B187: =VLOOKUP(A187,'[1]Nebris 11.27'!E:I,5,FALSE) -> 620 | C187: =VLOOKUP(A187,'[1]Nebris 11.28.23'!E:I,5,FALSE) -> 624 | D187: =B187-C187 -> -4 | E187: =AVERAGE(B187:C187) -> 622 | F187: 2 | G187: 5 | H187: 0.31973531 | I187: 304 | J187: =VLOOKUP(I187,$T$2:$X$57,5,FALSE) -> 10% MDGS Variable | K187: =VLOOKUP(A187,'[1]Interim '!E:I,5,FALSE)*0.96 -> 781.44 | L187: =(K187-E187)/58 -> 2.7489655 | M187: =VLOOKUP(I187,$AL$1:$AM$40,2,FALSE) -> 18.555516 | N187: =L187/M187 -> 0.14814816
A188: 4513 | B188: =VLOOKUP(A188,'[1]Nebris 11.27'!E:I,5,FALSE) -> 626 | C188: =VLOOKUP(A188,'[1]Nebris 11.28.23'!E:I,5,FALSE) -> 630 | D188: =B188-C188 -> -4 | E188: =AVERAGE(B188:C188) -> 628 | F188: 2 | G188: 5 | H188: 0.4060995 | I188: 305 | J188: =VLOOKUP(I188,$T$2:$X$57,5,FALSE) -> 10% MDGS Constant | K188: =VLOOKUP(A188,'[1]Interim '!E:I,5,FALSE)*0.96 -> 791.04 | L188: =(K188-E188)/58 -> 2.8110345 | M188: =VLOOKUP(I188,$AL$1:$AM$40,2,FALSE) -> 18.368633 | N188: =L188/M188 -> 0.1530345
... A224: 4673 | B224: =VLOOKUP(A224,'[1]Nebris 11.27'!E:I,5,FALSE) -> 636 | C224: =VLOOKUP(A224,'[1]Nebris 11.28.23'!E:I,5,FALSE) -> 636 | D224: =B224-C224 -> 0 | E224: =AVERAGE(B224:C224) -> 636 | F224: 2 | G224: 7 | H224: 0.066503653 | I224: 301 | J224: =VLOOKUP(I224,$T$2:$X$57,5,FALSE) -> 25% MDGS Constant | K224: =VLOOKUP(A224,'[1]Interim '!E:I,5,FALSE)*0.96 -> 827.52 | L224: =(K224-E224)/58 -> 3.302069 | M224: =VLOOKUP(I224,$AL$1:$AM$40,2,FALSE) -> 19.764341 | N224: =L224/M224 -> 0.16707205
A225: 4633 | B225: =VLOOKUP(A225,'[1]Nebris 11.27'!E:I,5,FALSE) -> 634 | C225: =VLOOKUP(A225,'[1]Nebris 11.28.23'!E:I,5,FALSE) -> 650 | D225: =B225-C225 -> -16 | E225: =AVERAGE(B225:C225) -> 642 | F225: 2 | G225: 7 | H225: 0.10477043 | I225: 302* | J225: =VLOOKUP(I225,$T$2:$X$57,5,FALSE) -> #N/A | L225: . | M225: =VLOOKUP(I225,$AL$1:$AM$40,2,FALSE) -> #N/A | N225: =L225/M225 -> #VALUE!
A226: 4487 | B226: =VLOOKUP(A226,'[1]Nebris 11.27'!E:I,5,FALSE) -> 634 | C226: =VLOOKUP(A226,'[1]Nebris 11.28.23'!E:I,5,FALSE) -> 634 | D226: =B226-C226 -> 0 | E226: =AVERAGE(B226:C226) -> 634 | F226: 2 | G226: 7 | H226: 0.12394927 | I226: 303 | J226: =VLOOKUP(I226,$T$2:$X$57,5,FALSE) -> Control | K226: =VLOOKUP(A226,'[1]Interim '!E:I,5,FALSE)*0.96 -> 783.36 | L226: =(K226-E226)/58 -> 2.5751724 | M226: =VLOOKUP(I226,$AL$1:$AM$40,2,FALSE) -> 18.06332 | N226: =L226/M226 -> 0.14256363
A227: 4369 | B227: =VLOOKUP(A227,'[1]Nebris 11.27'!E:I,5,FALSE) -> 636 | C227: =VLOOKUP(A227,'[1]Nebris 11.28.23'!E:I,5,FALSE) -> 660 | D227: =B227-C227 -> -24 | E227: =AVERAGE(B227:C227) -> 648 | F227: 2 | G227: 7 | H227: 0.15909751 | I227: 304 | J227: =VLOOKUP(I227,$T$2:$X$57,5,FALSE) -> 10% MDGS Variable | K227: =VLOOKUP(A227,'[1]Interim '!E:I,5,FALSE)*0.96 -> 787.2 | L227: =(K227-E227)/58 -> 2.4 | M227: =VLOOKUP(I227,$AL$1:$AM$40,2,FALSE) -> 18.555516 | N227: =L227/M227 -> 0.12934159
A228: 4430 | B228: =VLOOKUP(A228,'[1]Nebris 11.27'!E:I,5,FALSE) -> 636 | C228: =VLOOKUP(A228,'[1]Nebris 11.28.23'!E:I,5,FALSE) -> 638 | D228: =B228-C228 -> -2 | E228: =AVERAGE(B228:C228) -> 637 | F228: 2 | G228: 7 | H228: 0.26274818 | I228: 305 | J228: =VLOOKUP(I228,$T$2:$X$57,5,FALSE) -> 10% MDGS Constant | K228: =VLOOKUP(A228,'[1]Interim '!E:I,5,FALSE)*0.96 -> 735.36 | L228: =(K228-E228)/58 -> 1.6958621 | M228: =VLOOKUP(I228,$AL$1:$AM$40,2,FALSE) -> 18.368633 | N228: =L228/M228 -> 0.092323805
A229: 4417 | B229: =VLOOKUP(A229,'[1]Nebris 11.27'!E:I,5,FALSE) -> 636 | C229: =VLOOKUP(A229,'[1]Nebris 11.28.23'!E:I,5,FALSE) -> 632 | D229: =B229-C229 -> 4 | E229: =AVERAGE(B229:C229) -> 634 | F229: 2 | G229: 7 | H229: 0.29915722 | I229: 306 | J229: =VLOOKUP(I229,$T$2:$X$57,5,FALSE) -> Control | K229: =VLOOKUP(A229,'[1]Interim '!E:I,5,FALSE)*0.96 -> 858.24 | L229: =(K229-E229)/58 -> 3.8662069 | M229: =VLOOKUP(I229,$AL$1:$AM$40,2,FALSE) -> 19.337783 | N229: =L229/M229 -> 0.1999302
A230: 4597 | B230: =VLOOKUP(A230,'[1]Nebris 11.27'!E:I,5,FALSE) -> 634 | C230: =VLOOKUP(A230,'[1]Nebris 11.28.23'!E:I,5,FALSE) -> 620 | D230: =B230-C230 -> 14 | E230: =AVERAGE(B230:C230) -> 627 | F230: 2 | G230: 7 | H230: 0.32107702 | I230: 307 | J230: =VLOOKUP(I230,$T$2:$X$57,5,FALSE) -> 25% MDGS Variable | K230: =VLOOKUP(A230,'[1]Interim '!E:I,5,FALSE)*0.96 -> 762.24 | L230: =(K230-E230)/58 -> 2.3317241 | M230: =VLOOKUP(I230,$AL$1:$AM$40,2,FALSE) -> 19.036106 | N230: =L230/M230 -> 0.12248956
A231: 4429 | B231: =VLOOKUP(A231,'[1]Nebris 11.27'!E:I,5,FALSE) -> 636 | C231: =VLOOKUP(A231,'[1]Nebris 11.28.23'!E:I,5,FALSE) -> 638 | D231: =B231-C231 -> -2 | E231: =AVERAGE(B231:C231) -> 637 | F231: 2 | G231: 7 | H231: 0.367112 | I231: 308 | J231: =VLOOKUP(I231,$T$2:$X$57,5,FALSE) -> 25% MDGS Constant | K231: =VLOOKUP(A231,'[1]Interim '!E:I,5,FALSE)*0.96 -> 819.84 | L231: =(K231-E231)/58 -> 3.1524138 | M231: =VLOOKUP(I231,$AL$1:$AM$40,2,FALSE) -> 19.826311 | N231: =L231/M231 -> 0.15900153
A232: 4393 | B232: =VLOOKUP(A232,'[1]Nebris 11.27'!E:I,5,FALSE) -> 636 | C232: =VLOOKUP(A232,'[1]Nebris 11.28.23'!E:I,5,FALSE) -> 626 | D232: =B232-C232 -> 10 | E232: =AVERAGE(B232:C232) -> 631 | F232: 2 | G232: 7 | H232: 0.376864 | I232: 309 | J232: =VLOOKUP(I232,$T$2:$X$57,5,FALSE) -> Control | K232: =VLOOKUP(A232,'[1]Interim '!E:I,5,FALSE)*0.96 -> 885.12 | L232: =(K232-E232)/58 -> 4.3813793 | M232: =VLOOKUP(I232,$AL$1:$AM$40,2,FALSE) -> 19.729599 | N232: =L232/M232 -> 0.22207138
A233: 4440 | B233: =VLOOKUP(A233,'[1]Nebris 11.27'!E:I,5,FALSE) -> 636 | C233: =VLOOKUP(A233,'[1]Nebris 11.28.23'!E:I,5,FALSE) -> 650 | D233: =B233-C233 -> -14 | E233: =AVERAGE(B233:C233) -> 643 | F233: 2 | G233: 7 | H233: 0.40945202 | I233: 310 | J233: =VLOOKUP(I233,$T$2:$X$57,5,FALSE) -> 10% MDGS Variable | K233: =VLOOKUP(A233,'[1]Interim '!E:I,5,FALSE)*0.96 -> 896.64 | L233: =(K233-E233)/58 -> 4.3731034 | M233: =VLOOKUP(I233,$AL$1:$AM$40,2,FALSE) -> 20.764817 | N233: =L233/M233 -> 0.21060159
A234: 4452 | B234: =VLOOKUP(A234,'[1]Nebris 11.27'!E:I,5,FALSE) -> 636 | C234: =VLOOKUP(A234,'[1]Nebris 11.28.23'!E:I,5,FALSE) -> 650 | D234: =B234-C234 -> -14 | E234: =AVERAGE(B234:C234) -> 643 | F234: 2 | G234: 7 | H234: 0.46769113 | I234: 311 | J234: =VLOOKUP(I234,$T$2:$X$57,5,FALSE) -> 10% MDGS Constant | K234: =VLOOKUP(A234,'[1]Interim '!E:I,5,FALSE)*0.96 -> 835.2 | L234: =(K234-E234)/58 -> 3.3137931 | M234: =VLOOKUP(I234,$AL$1:$AM$40,2,FALSE) -> 21.070005 | N234: =L234/M234 -> 0.15727538
A235: 4672 | B235: =VLOOKUP(A235,'[1]Nebris 11.27'!E:I,5,FALSE) -> 636 | C235: =VLOOKUP(A235,'[1]Nebris 11.28.23'!E:I,5,FALSE) -> 638 | D235: =B235-C235 -> -2 | E235: =AVERAGE(B235:C235) -> 637 | F235: 2 | G235: 7 | H235: 0.55927023 | I235: 312 | J235: =VLOOKUP(I235,$T$2:$X$57,5,FALSE) -> 25% MDGS Constant | K235: =VLOOKUP(A235,'[1]Interim '!E:I,5,FALSE)*0.96 -> 768 | L235: =(K235-E235)/58 -> 2.2586207 | M235: =VLOOKUP(I235,$AL$1:$AM$40,2,FALSE) -> 20.72641 | N235: =L235/M235 -> 0.10897308
A236: 4596 | B236: =VLOOKUP(A236,'[1]Nebris 11.27'!E:I,5,FALSE) -> 636 | C236: =VLOOKUP(A236,'[1]Nebris 11.28.23'!E:I,5,FALSE) -> 656 | D236: =B236-C236 -> -20 | E236: =AVERAGE(B236:C236) -> 646 | F236: 2 | G236: 7 | H236: 0.55946421 | I236: 313 | J236: =VLOOKUP(I236,$T$2:$X$57,5,FALSE) -> 25% MDGS Variable | K236: =VLOOKUP(A236,'[1]Interim '!E:I,5,FALSE)*0.96 -> 794.88 | L236: =(K236-E236)/58 -> 2.5668966 | M236: =VLOOKUP(I236,$AL$1:$AM$40,2,FALSE) -> 20.372525 | N236: =L236/M236 -> 0.12599796
A237: 4693 | B237: =VLOOKUP(A237,'[1]Nebris 11.27'!E:I,5,FALSE) -> 636 | C237: =VLOOKUP(A237,'[1]Nebris 11.28.23'!E:I,5,FALSE) -> 656 | D237: =B237-C237 -> -20 | E237: =AVERAGE(B237:C237) -> 646 | F237: 2 | G237: 7 | H237: 0.66454971 | I237: 314 | J237: =VLOOKUP(I237,$T$2:$X$57,5,FALSE) -> 25% MDGS Variable | K237: =VLOOKUP(A237,'[1]Interim '!E:I,5,FALSE)*0.96 -> 871.68 | L237: =(K237-E237)/58 -> 3.8910345 | M237: =VLOOKUP(I237,$AL$1:$AM$40,2,FALSE) -> 21.540377 | N237: =L237/M237 -> 0.18063911
... A317: 4373 | B317: =VLOOKUP(A317,'[1]Nebris 11.27'!E:I,5,FALSE) -> 670 | C317: =VLOOKUP(A317,'[1]Nebris 11.28.23'!E:I,5,FALSE) -> 680 | D317: =B317-C317 -> -10 | E317: =AVERAGE(B317:C317) -> 675 | F317: 3 | G317: 2 | H317: 0.41366173 | I317: 410 | J317: =VLOOKUP(I317,$T$2:$X$57,5,FALSE) -> 25% MDGS Variable | K317: =VLOOKUP(A317,'[1]Interim '!E:I,5,FALSE)*0.96 -> 871.68 | L317: =(K317-E317)/58 -> 3.3910345 | M317: =VLOOKUP(I317,$AL$1:$AM$40,2,FALSE) -> 20.775881 | N317: =L317/M317 -> 0.16321977
A318: 4514 | B318: =VLOOKUP(A318,'[1]Nebris 11.27'!E:I,5,FALSE) -> 670 | C318: =VLOOKUP(A318,'[1]Nebris 11.28.23'!E:I,5,FALSE) -> 668 | D318: =B318-C318 -> 2 | E318: =AVERAGE(B318:C318) -> 669 | F318: 3 | G318: 2 | H318: 0.43798576 | I318: 411* | J318: =VLOOKUP(I318,$T$2:$X$57,5,FALSE) -> #N/A | L318: . | M318: =VLOOKUP(I318,$AL$1:$AM$40,2,FALSE) -> #N/A | N318: =L318/M318 -> #VALUE!
A319: 4398 | B319: =VLOOKUP(A319,'[1]Nebris 11.27'!E:I,5,FALSE) -> 670 | C319: =VLOOKUP(A319,'[1]Nebris 11.28.23'!E:I,5,FALSE) -> 658 | D319: =B319-C319 -> 12 | E319: =AVERAGE(B319:C319) -> 664 | F319: 3 | G319: 2 | H319: 0.49781968 | I319: 412 | J319: =VLOOKUP(I319,$T$2:$X$57,5,FALSE) -> Control | K319: =VLOOKUP(A319,'[1]Interim '!E:I,5,FALSE)*0.96 -> 871.68 | L319: =(K319-E319)/58 -> 3.5806897 | M319: =VLOOKUP(I319,$AL$1:$AM$40,2,FALSE) -> 20.855004 | N319: =L319/M319 -> 0.1716945
A320: 4568 | B320: =VLOOKUP(A320,'[1]Nebris 11.27'!E:I,5,FALSE) -> 670 | C320: =VLOOKUP(A320,'[1]Nebris 11.28.23'!E:I,5,FALSE) -> 686 | D320: =B320-C320 -> -16 | E320: =AVERAGE(B320:C320) -> 678 | F320: 3 | G320: 2 | H320: 0.61174316 | I320: 413 | J320: =VLOOKUP(I320,$T$2:$X$57,5,FALSE) -> 25% MDGS Constant | K320: =VLOOKUP(A320,'[1]Interim '!E:I,5,FALSE)*0.96 -> 890.88 | L320: =(K320-E320)/58 -> 3.6703448 | M320: =VLOOKUP(I320,$AL$1:$AM$40,2,FALSE) -> 22.388856 | N320: =L320/M320 -> 0.16393624
A321: 4731 | B321: =VLOOKUP(A321,'[1]Nebris 11.27'!E:I,5,FALSE) -> 668 | C321: =VLOOKUP(A321,'[1]Nebris 11.28.23'!E:I,5,FALSE) -> 670 | D321: =B321-C321 -> -2 | E321: =AVERAGE(B321:C321) -> 669 | F321: 3 | G321: 2 | H321: 0.86946288 | I321: 414 | J321: =VLOOKUP(I321,$T$2:$X$57,5,FALSE) -> 10% MDGS Variable | K321: =VLOOKUP(A321,'[1]Interim '!E:I,5,FALSE)*0.96 -> 840.96 | L321: =(K321-E321)/58 -> 2.9648276 | M321: =VLOOKUP(I321,$AL$1:$AM$40,2,FALSE) -> 22.801713 | N321: =L321/M321 -> 0.13002653
A322: 4401 | B322: =VLOOKUP(A322,'[1]Nebris 11.27'!E:I,5,FALSE) -> 676 | C322: =VLOOKUP(A322,'[1]Nebris 11.28.23'!E:I,5,FALSE) -> 676 | D322: =B322-C322 -> 0 | E322: =AVERAGE(B322:C322) -> 676 | F322: 3 | G322: 3 | H322: 0.097513782 | I322: 405 | J322: =VLOOKUP(I322,$T$2:$X$57,5,FALSE) -> 10% MDGS Variable | K322: =VLOOKUP(A322,'[1]Interim '!E:I,5,FALSE)*0.96 -> 894.72 | L322: =(K322-E322)/58 -> 3.7710345 | M322: =VLOOKUP(I322,$AL$1:$AM$40,2,FALSE) -> 21.614662 | N322: =L322/M322 -> 0.1744665
A323: 4534 | B323: =VLOOKUP(A323,'[1]Nebris 11.27'!E:I,5,FALSE) -> 678 | C323: =VLOOKUP(A323,'[1]Nebris 11.28.23'!E:I,5,FALSE) -> 692 | D323: =B323-C323 -> -14 | E323: =AVERAGE(B323:C323) -> 685 | F323: 3 | G323: 3 | H323: 0.19728055 | I323: 406 | J323: =VLOOKUP(I323,$T$2:$X$57,5,FALSE) -> 10% MDGS Constant | K323: =VLOOKUP(A323,'[1]Interim '!E:I,5,FALSE)*0.96 -> 919.68 | L323: =(K323-E323)/58 -> 4.0462069 | M323: =VLOOKUP(I323,$AL$1:$AM$40,2,FALSE) -> 22.446449 | N323: =L323/M323 -> 0.18026044
A324: 4375 | B324: =VLOOKUP(A324,'[1]Nebris 11.27'!E:I,5,FALSE) -> 676 | C324: =VLOOKUP(A324,'[1]Nebris 11.28.23'!E:I,5,FALSE) -> 680 | D324: =B324-C324 -> -4 | E324: =AVERAGE(B324:C324) -> 678 | F324: 3 | G324: 3 | H324: 0.23347429 | I324: 407 | J324: =VLOOKUP(I324,$T$2:$X$57,5,FALSE) -> 25% MDGS Variable | K324: =VLOOKUP(A324,'[1]Interim '!E:I,5,FALSE)*0.96 -> 883.2 | L324: =(K324-E324)/58 -> 3.537931 | M324: =VLOOKUP(I324,$AL$1:$AM$40,2,FALSE) -> 21.57522 | N324: =L324/M324 -> 0.16398123
A325: 4655 | B325: =VLOOKUP(A325,'[1]Nebris 11.27'!E:I,5,FALSE) -> 674 | C325: =VLOOKUP(A325,'[1]Nebris 11.28.23'!E:I,5,FALSE) -> 696 | D325: =B325-C325 -> -22 | E325: =AVERAGE(B325:C325) -> 685 | F325: 3 | G325: 3 | H325: 0.39906912 | I325: 408 | J325: =VLOOKUP(I325,$T$2:$X$57,5,FALSE) -> Control | K325: =VLOOKUP(A325,'[1]Interim '!E:I,5,FALSE)*0.96 -> 816 | L325: =(K325-E325)/58 -> 2.2586207 | M325: =VLOOKUP(I325,$AL$1:$AM$40,2,FALSE) -> 20.467026 | N325: =L325/M325 -> 0.11035412
A326: 4759 | B326: =VLOOKUP(A326,'[1]Nebris 11.27'!E:I,5,FALSE) -> 674 | C326: =VLOOKUP(A326,'[1]Nebris 11.28.23'!E:I,5,FALSE) -> 676 | D326: =B326-C326 -> -2 | E326: =AVERAGE(B326:C326) -> 675 | F326: 3 | G326: 3 | H326: 0.49484781 | I326: 409 | J326: =VLOOKUP(I326,$T$2:$X$57,5,FALSE) -> 25% MDGS Constant | K326: =VLOOKUP(A326,'[1]Interim '!E:I,5,FALSE)*0.96 -> 990.72 | L326: =(K326-E326)/58 -> 5.4434483 | M326: =VLOOKUP(I326,$AL$1:$AM$40,2,FALSE) -> 22.100418 | N326: =L326/M326 -> 0.24630522
A327: 4626 | B327: =VLOOKUP(A327,'[1]Nebris 11.27'!E:I,5,FALSE) -> 676 | C327: =VLOOKUP(A327,'[1]Nebris 11.28.23'!E:I,5,FALSE) -> 688 | D327: =B327-C327 -> -12 | E327: =AVERAGE(B327:C327) -> 682 | F327: 3 | G327: 3 | H327: 0.50597112 | I327: 410 | J327: =VLOOKUP(I327,$T$2:$X$57,5,FALSE) -> 25% MDGS Variable | K327: =VLOOKUP(A327,'[1]Interim '!E:I,5,FALSE)*0.96 -> 844.8 | L327: =(K327-E327)/58 -> 2.8068966 | M327: =VLOOKUP(I327,$AL$1:$AM$40,2,FALSE) -> 20.775881 | N327: =L327/M327 -> 0.13510361
A328: 4671 | B328: =VLOOKUP(A328,'[1]Nebris 11.27'!E:I,5,FALSE) -> 674 | C328: =VLOOKUP(A328,'[1]Nebris 11.28.23'!E:I,5,FALSE) -> 676 | D328: =B328-C328 -> -2 | E328: =AVERAGE(B328:C328) -> 675 | F328: 3 | G328: 3 | H328: 0.64790053 | I328: 411 | J328: =VLOOKUP(I328,$T$2:$X$57,5,FALSE) -> 10% MDGS Constant | K328: =VLOOKUP(A328,'[1]Interim '!E:I,5,FALSE)*0.96 -> 829.44 | L328: =(K328-E328)/58 -> 2.6627586 | M328: =VLOOKUP(I328,$AL$1:$AM$40,2,FALSE) -> 20.848576 | N328: =L328/M328 -> 0.12771897
A329: 4555 | B329: =VLOOKUP(A329,'[1]Nebris 11.27'!E:I,5,FALSE) -> 676 | C329: =VLOOKUP(A329,'[1]Nebris 11.28.23'!E:I,5,FALSE) -> 690 | D329: =B329-C329 -> -14 | E329: =AVERAGE(B329:C329) -> 683 | F329: 3 | G329: 3 | H329: 0.76393243 | I329: 412 | J329: =VLOOKUP(I329,$T$2:$X$57,5,FALSE) -> Control | K329: =VLOOKUP(A329,'[1]Interim '!E:I,5,FALSE)*0.96 -> 844.8 | L329: =(K329-E329)/58 -> 2.7896552 | M329: =VLOOKUP(I329,$AL$1:$AM$40,2,FALSE) -> 20.855004 | N329: =L329/M329 -> 0.1337643
...

Sheet Final Performance
A1: Lnk_AnID | B1: Initial | C1: Block | D1: Pen | E1: Treatment | F1: HCW | G1: CAFBW | H1: ADG | I1: DMI | J1: Lb Gain | K1: G:F | L1: Liver Abscess | P1: Abscess Count | Q1: Contaminated Livers | R1: REA | S1: Yield Grade | T1: Fat | U1: Marbling | W1: Pen | X1: Block | Y1: Rep | Z1: TRT | AA1: Initial | AB1: HCW | AC1: CAFBW | AD1: ADG | AE1: DMI | AF1: G:F | AG1: F:G | AH1: Liver Abscess | AI1: REA | AJ1: Yield Grade | AK1: Fat | AL1: Marbling | AN1: Treatment | AO1: Initial | AP1: HCW | AQ1: CAFBW | AR1: ADG | AS1: DMO | AT1: G:F | AU1: Liver Abscess | AV1: REA | AW1: Yield Grade | AX1: Fat | AY1: Marbling
A2: 4437 | B2: =VLOOKUP(A2,[1]Assign!$A:$D,4,FALSE) -> 561 | C2: 1 | D2: 205 | E2: =VLOOKUP(A2,[1]Assign!$A:$I,9,FALSE) -> 10% MDGS Constant | F2: =VLOOKUP(A2,'[1]Carcass '!$C$105:$D$397,2,FALSE) -> 774 | G2: =F2/0.63 -> 1228.5714 | H2: =(G2-B2)/196 -> 3.4059767 | I2: =VLOOKUP(D2,'[1]DMO head'!$A$2:$D$49,4,FALSE) -> 21.582642 | J2: =G2-B2 -> 667.57143 | L2: =VLOOKUP(A2,'[1]Carcass '!$C$10:$J$397,8,FALSE) -> 0 | M2: =COUNTIF(L2,"A") -> 0 | N2: =COUNTIF(L2,"A-") -> 0 | O2: =COUNTIF(L2,"A+") -> 0 | P2: =SUM(M2:O2) -> 0 | Q2: =COUNTIF(L2,"C") -> 0 | R2: =VLOOKUP(A2,'[1]Carcass '!$C$107:$E$399,3,FALSE) -> 12.6 | S2: =VLOOKUP(A2,'[1]Carcass '!$C$107:$F$399,4,FALSE) -> 3.3 | T2: =VLOOKUP(A2,'[1]Carcass '!$C$10:$G$397,5, FALSE) -> 0.58 | U2: =VLOOKUP(A2,'[1]Carcass '!$C$107:$I$399,7,FALSE) -> 708 | W2: 205 | X2: 1 | Y2: 1 | Z2: 10% MDGS Constant | AA2: =AVERAGEIF(D:D,W2,B:B) -> 572.4 | AB2: =AVERAGEIF(D:D,W2,F:F) -> 776.9 | AC2: =AVERAGEIF(D:D,W2,G:G) -> 1233.1746 | AD2: =AVERAGEIF(D:D,W2,H:H) -> 3.371299 | AE2: =VLOOKUP(W2,'[1]DMO head'!$A$2:$D$49,4,FALSE) -> 21.582642 | AF2: =AD2/AE2 -> 0.15620418 | AG2: =AE2/AD2 -> 6.4018773 | AI2: =AVERAGEIF(D:D,W2,R:R) -> 13.422 | AJ2: =AVERAGEIF(D:D,W2,S:S) -> 3.097 | AK2: =AVERAGEIF(D:D,W2,T:T) -> 0.5228 | AL2: =AVERAGEIF(D:D,W2,U:U) -> 533.66667 | AN2: Control | AO2: =AVERAGEIF(Z:Z,AN2,AA:AA) -> 631.80556 | AP2: =AVERAGEIF(Z:Z,AN2,AB:AB) -> 821.27396 | AQ2: =AVERAGEIF(Z:Z,AN2,$AC$1:$AC$41) -> 1303.6095 | AR2: =AVERAGEIF(Z:Z,AN2,AD:AD) -> 3.4895653 | AS2: =AVERAGEIF(Z:Z,AN2,AE:AE) -> 22.134382 | AT2: =AVERAGEIF(Z:Z,AN2,AF:AF) -> 0.15788147 | AV2: =AVERAGEIF(Z:Z,AN2,AI:AI) -> 13.651955 | AW2: =AVERAGEIF(Z:Z,AN2,AJ:AJ) -> 3.3295104 | AX2: =AVERAGEIF(Z:Z,AN2,AK:AK) -> 0.62500278 | AY2: =AVERAGEIF(Z:Z,AN2,AL:AL) -> 535.17426
A3: 4315 | B3: =VLOOKUP(A3,[1]Assign!$A:$D,4,FALSE) -> 554 | C3: 1 | D3: 206 | E3: =VLOOKUP(A3,[1]Assign!$A:$I,9,FALSE) -> 10% MDGS Variable | F3: =VLOOKUP(A3,'[1]Carcass '!$C$105:$D$397,2,FALSE) -> 750 | G3: =F3/0.63 -> 1190.4762 | H3: =(G3-B3)/196 -> 3.2473275 | I3: =VLOOKUP(D3,'[1]DMO head'!$A$2:$D$49,4,FALSE) -> 20.595227 | J3: =G3-B3 -> 636.47619 | L3: =VLOOKUP(A3,'[1]Carcass '!$C$10:$J$397,8,FALSE) -> 0 | M3: =COUNTIF(L3,"A") -> 0 | N3: =COUNTIF(L3,"A-") -> 0 | O3: =COUNTIF(L3,"A+") -> 0 | P3: =SUM(M3:O3) -> 0 | Q3: =COUNTIF(L3,"C") -> 0 | R3: =VLOOKUP(A3,'[1]Carcass '!$C$107:$E$399,3,FALSE) -> 14.1 | S3: =VLOOKUP(A3,'[1]Carcass '!$C$107:$F$399,4,FALSE) -> 3.6 | T3: =VLOOKUP(A3,'[1]Carcass '!$C$10:$G$397,5, FALSE) -> 0.66 | U3: =VLOOKUP(A3,'[1]Carcass '!$C$107:$I$399,7,FALSE) -> 469 | W3: 206 | X3: 1 | Y3: 1 | Z3: 10% MDGS Variable | AA3: =AVERAGEIF(D:D,W3,B:B) -> 575.4 | AB3: =AVERAGEIF(D:D,W3,F:F) -> 772.1 | AC3: =AVERAGEIF(D:D,W3,G:G) -> 1232.1429 | AD3: =AVERAGEIF(D:D,W3,H:H) -> 3.359785 | AE3: =VLOOKUP(W3,'[1]DMO head'!$A$2:$D$49,4,FALSE) -> 20.595227 | AF3: =AD3/AE3 -> 0.16313416 | AG3: =AE3/AD3 -> 6.1299241 | AI3: =AVERAGEIF(D:D,W3,R:R) -> 14.018889 | AJ3: =AVERAGEIF(D:D,W3,S:S) -> 3.3288889 | AK3: =AVERAGEIF(D:D,W3,T:T) -> 0.57314286 | AL3: =AVERAGEIF(D:D,W3,U:U) -> 485 | AN3: 10% MDGS Constant | AO3: =AVERAGEIF(Z:Z,AN3,AA:AA) -> 632.45556 | AP3: =AVERAGEIF(Z:Z,AN3,AB:AB) -> 830.17778 | AQ3: =AVERAGEIF(Z:Z,AN3,$AC$1:$AC$41) -> 1318.534 | AR3: =AVERAGEIF(Z:Z,AN3,AD:AD) -> 3.5671272 | AS3: =AVERAGEIF(Z:Z,AN3,AE:AE) -> 22.339124 | AT3: =AVERAGEIF(Z:Z,AN3,AF:AF) -> 0.1598419 | AV3: =AVERAGEIF(Z:Z,AN3,AI:AI) -> 13.77976 | AW3: =AVERAGEIF(Z:Z,AN3,AJ:AJ) -> 3.3848854 | AX3: =AVERAGEIF(Z:Z,AN3,AK:AK) -> 0.62793413 | AY3: =AVERAGEIF(Z:Z,AN3,AL:AL) -> 560.95933
A4: 4322 | B4: =VLOOKUP(A4,[1]Assign!$A:$D,4,FALSE) -> 565 | C4: 1 | D4: 207 | E4: =VLOOKUP(A4,[1]Assign!$A:$I,9,FALSE) -> Control | F4: =VLOOKUP(A4,'[1]Carcass '!$C$105:$D$397,2,FALSE) -> 736 | G4: =F4/0.63 -> 1168.254 | H4: =(G4-B4)/196 -> 3.0778264 | I4: =VLOOKUP(D4,'[1]DMO head'!$A$2:$D$49,4,FALSE) -> 21.495747 | J4: =G4-B4 -> 603.25397 | L4: =VLOOKUP(A4,'[1]Carcass '!$C$10:$J$397,8,FALSE) -> A+ | M4: =COUNTIF(L4,"A") -> 0 | N4: =COUNTIF(L4,"A-") -> 0 | O4: =COUNTIF(L4,"A+") -> 1 | P4: =SUM(M4:O4) -> 1 | Q4: =COUNTIF(L4,"C") -> 0 | R4: =VLOOKUP(A4,'[1]Carcass '!$C$107:$E$399,3,FALSE) -> 13.4 | S4: =VLOOKUP(A4,'[1]Carcass '!$C$107:$F$399,4,FALSE) -> 3.25 | T4: =VLOOKUP(A4,'[1]Carcass '!$C$10:$G$397,5, FALSE) -> 0.524 | U4: =VLOOKUP(A4,'[1]Carcass '!$C$107:$I$399,7,FALSE) -> 550 | W4: 207 | X4: 1 | Y4: 1 | Z4: Control | AA4: =AVERAGEIF(D:D,W4,B:B) -> 579 | AB4: =AVERAGEIF(D:D,W4,F:F) -> 802.2 | AC4: =AVERAGEIF(D:D,W4,G:G) -> 1273.3333 | AD4: =AVERAGEIF(D:D,W4,H:H) -> 3.542517 | AE4: =VLOOKUP(W4,'[1]DMO head'!$A$2:$D$49,4,FALSE) -> 21.495747 | AF4: =AD4/AE4 -> 0.16480083 | AG4: =AE4/AD4 -> 6.0679306 | AI4: =AVERAGEIF(D:D,W4,R:R) -> 13.707 | AJ4: =AVERAGEIF(D:D,W4,S:S) -> 3.32 | AK4: =AVERAGEIF(D:D,W4,T:T) -> 0.60466667 | AL4: =AVERAGEIF(D:D,W4,U:U) -> 556.77778 | AN4: 10% MDGS Variable | AO4: =AVERAGEIF(Z:Z,AN4,AA:AA) -> 631.71389 | AP4: =AVERAGEIF(Z:Z,AN4,AB:AB) -> 833.5375 | AQ4: =AVERAGEIF(Z:Z,AN4,$AC$1:$AC$41) -> 1322.2994 | AR4: =AVERAGEIF(Z:Z,AN4,AD:AD) -> 3.5893564 | AS4: =AVERAGEIF(Z:Z,AN4,AE:AE) -> 22.695847 | AT4: =AVERAGEIF(Z:Z,AN4,AF:AF) -> 0.15841924 | AV4: =AVERAGEIF(Z:Z,AN4,AI:AI) -> 13.817294 | AW4: =AVERAGEIF(Z:Z,AN4,AJ:AJ) -> 3.4278943 | AX4: =AVERAGEIF(Z:Z,AN4,AK:AK) -> 0.66074911 | AY4: =AVERAGEIF(Z:Z,AN4,AL:AL) -> 571.6559
A5: 4765 | B5: =VLOOKUP(A5,[1]Assign!$A:$D,4,FALSE) -> 556 | C5: 1 | D5: 209 | E5: =VLOOKUP(A5,[1]Assign!$A:$I,9,FALSE) -> 25% MDGS Constant | F5: =VLOOKUP(A5,'[1]Carcass '!$C$105:$D$397,2,FALSE) -> 796 | G5: =F5/0.63 -> 1263.4921 | H5: =(G5-B5)/196 -> 3.6096534 | I5: =VLOOKUP(D5,'[1]DMO head'!$A$2:$D$49,4,FALSE) -> 21.321409 | J5: =G5-B5 -> 707.49206 | L5: =VLOOKUP(A5,'[1]Carcass '!$C$10:$J$397,8,FALSE) -> A+ | M5: =COUNTIF(L5,"A") -> 0 | N5: =COUNTIF(L5,"A-") -> 0 | O5: =COUNTIF(L5,"A+") -> 1 | P5: =SUM(M5:O5) -> 1 | Q5: =COUNTIF(L5,"C") -> 0 | R5: =VLOOKUP(A5,'[1]Carcass '!$C$107:$E$399,3,FALSE) -> 13.4 | S5: =VLOOKUP(A5,'[1]Carcass '!$C$107:$F$399,4,FALSE) -> 4.1 | T5: =VLOOKUP(A5,'[1]Carcass '!$C$10:$G$397,5, FALSE) -> 1 | U5: =VLOOKUP(A5,'[1]Carcass '!$C$107:$I$399,7,FALSE) -> 531 | W5: 208 | X5: 1 | Y5: 1 | Z5: 25% MDGS Variable | AA5: =AVERAGEIF(D:D,W5,B:B) -> 580.5 | AB5: =AVERAGEIF(D:D,W5,F:F) -> 816.5 | AC5: =AVERAGEIF(D:D,W5,G:G) -> 1296.0317 | AD5: =AVERAGEIF(D:D,W5,H:H) -> 3.6506722 | AE5: =VLOOKUP(W5,'[1]DMO head'!$A$2:$D$49,4,FALSE) -> 22.923741 | AF5: =AD5/AE5 -> 0.1592529 | AG5: =AE5/AD5 -> 6.2793205 | AI5: =AVERAGEIF(D:D,W5,R:R) -> 14.25 | AJ5: =AVERAGEIF(D:D,W5,S:S) -> 3.35375 | AK5: =AVERAGEIF(D:D,W5,T:T) -> 0.63625 | AL5: =AVERAGEIF(D:D,W5,U:U) -> 547.875 | AN5: 25% MDGS Constant | AO5: =AVERAGEIF(Z:Z,AN5,AA:AA) -> 630.28472 | AP5: =AVERAGEIF(Z:Z,AN5,AB:AB) -> 852.02639 | AQ5: =AVERAGEIF(Z:Z,AN5,$AC$1:$AC$41) -> 1353.8668 | AR5: =AVERAGEIF(Z:Z,AN5,AD:AD) -> 3.7603935 | AS5: =AVERAGEIF(Z:Z,AN5,AE:AE) -> 23.239689 | AT5: =AVERAGEIF(Z:Z,AN5,AF:AF) -> 0.16180511 | AV5: =AVERAGEIF(Z:Z,AN5,AI:AI) -> 13.921049 | AW5: =AVERAGEIF(Z:Z,AN5,AJ:AJ) -> 3.5698437 | AX5: =AVERAGEIF(Z:Z,AN5,AK:AK) -> 0.70233264 | AY5: =AVERAGEIF(Z:Z,AN5,AL:AL) -> 553.86791
A6: 4744 | B6: =VLOOKUP(A6,[1]Assign!$A:$D,4,FALSE) -> 554 | C6: 1 | D6: 210 | E6: =VLOOKUP(A6,[1]Assign!$A:$I,9,FALSE) -> 10% MDGS Constant | F6: =VLOOKUP(A6,'[1]Carcass '!$C$105:$D$397,2,FALSE) -> 876 | G6: =F6/0.63 -> 1390.4762 | H6: =(G6-B6)/196 -> 4.2677357 | I6: =VLOOKUP(D6,'[1]DMO head'!$A$2:$D$49,4,FALSE) -> 19.910352 | J6: =G6-B6 -> 836.47619 | L6: =VLOOKUP(A6,'[1]Carcass '!$C$10:$J$397,8,FALSE) -> C | M6: =COUNTIF(L6,"A") -> 0 | N6: =COUNTIF(L6,"A-") -> 0 | O6: =COUNTIF(L6,"A+") -> 0 | P6: =SUM(M6:O6) -> 0 | Q6: =COUNTIF(L6,"C") -> 1 | R6: =VLOOKUP(A6,'[1]Carcass '!$C$107:$E$399,3,FALSE) -> 17.7 | S6: =VLOOKUP(A6,'[1]Carcass '!$C$107:$F$399,4,FALSE) -> 3.3 | T6: =VLOOKUP(A6,'[1]Carcass '!$C$10:$G$397,5, FALSE) -> 0.63 | U6: =VLOOKUP(A6,'[1]Carcass '!$C$107:$I$399,7,FALSE) -> 367 | W6: 209 | X6: 1 | Y6: 1 | Z6: 25% MDGS Constant | AA6: =AVERAGEIF(D:D,W6,B:B) -> 573.55556 | AB6: =AVERAGEIF(D:D,W6,F:F) -> 770.33333 | AC6: =AVERAGEIF(D:D,W6,G:G) -> 1222.7513 | AD6: =AVERAGEIF(D:D,W6,H:H) -> 3.3122233 | AE6: =VLOOKUP(W6,'[1]DMO head'!$A$2:$D$49,4,FALSE) -> 21.321409 | AF6: =AD6/AE6 -> 0.1553473 | AG6: =AE6/AD6 -> 6.4371895 | AI6: =AVERAGEIF(D:D,W6,R:R) -> 13.434444 | AJ6: =AVERAGEIF(D:D,W6,S:S) -> 3.4633333 | AK6: =AVERAGEIF(D:D,W6,T:T) -> 0.672 | AL6: =AVERAGEIF(D:D,W6,U:U) -> 486.55556 | AN6: 25% MDGS Variable | AO6: =AVERAGEIF(Z:Z,AN6,AA:AA) -> 633.42813 | AP6: =AVERAGEIF(Z:Z,AN6,AB:AB) -> 840.44375 | AQ6: =AVERAGEIF(Z:Z,AN6,$AC$1:$AC$41) -> 1336.2798 | AR6: =AVERAGEIF(Z:Z,AN6,AD:AD) -> 3.6512056 | AS6: =AVERAGEIF(Z:Z,AN6,AE:AE) -> 22.67949 | AT6: =AVERAGEIF(Z:Z,AN6,AF:AF) -> 0.16101845 | AV6: =AVERAGEIF(Z:Z,AN6,AI:AI) -> 13.781295 | AW6: =AVERAGEIF(Z:Z,AN6,AJ:AJ) -> 3.4426007 | AX6: =AVERAGEIF(Z:Z,AN6,AK:AK) -> 0.6610249 | AY6: =AVERAGEIF(Z:Z,AN6,AL:AL) -> 546.23993
A7: 4773 | B7: =VLOOKUP(A7,[1]Assign!$A:$D,4,FALSE) -> 566 | C7: 1 | D7: 211 | E7: =VLOOKUP(A7,[1]Assign!$A:$I,9,FALSE) -> Control | F7: =VLOOKUP(A7,'[1]Carcass '!$C$105:$D$397,2,FALSE) -> 725 | G7: =F7/0.63 -> 1150.7937 | H7: =(G7-B7)/196 -> 2.9836411 | I7: =VLOOKUP(D7,'[1]DMO head'!$A$2:$D$49,4,FALSE) -> 19.728558 | J7: =G7-B7 -> 584.79365 | L7: =VLOOKUP(A7,'[1]Carcass '!$C$10:$J$397,8,FALSE) -> 0 | M7: =COUNTIF(L7,"A") -> 0 | N7: =COUNTIF(L7,"A-") -> 0 | O7: =COUNTIF(L7,"A+") -> 0 | P7: =SUM(M7:O7) -> 0 | Q7: =COUNTIF(L7,"C") -> 0 | R7: =VLOOKUP(A7,'[1]Carcass '!$C$107:$E$399,3,FALSE) -> 13.2 | S7: =VLOOKUP(A7,'[1]Carcass '!$C$107:$F$399,4,FALSE) -> 3.2 | T7: =VLOOKUP(A7,'[1]Carcass '!$C$10:$G$397,5, FALSE) -> 0.63 | U7: =VLOOKUP(A7,'[1]Carcass '!$C$107:$I$399,7,FALSE) -> 436 | W7: 210 | X7: 1 | Y7: 2 | Z7: 10% MDGS Constant | AA7: =AVERAGEIF(D:D,W7,B:B) -> 574.83333 | AB7: =AVERAGEIF(D:D,W7,F:F) -> 773.22222 | AC7: =AVERAGEIF(D:D,W7,G:G) -> 1227.3369 | AD7: =AVERAGEIF(D:D,W7,H:H) -> 3.3290996 | AE7: =VLOOKUP(W7,'[1]DMO head'!$A$2:$D$49,4,FALSE) -> 19.910352 | AF7: =AD7/AE7 -> 0.16720446 | AG7: =AE7/AD7 -> 5.9807017 | AI7: =AVERAGEIF(D:D,W7,R:R) -> 14.002222 | AJ7: =AVERAGEIF(D:D,W7,S:S) -> 3.3622222 | AK7: =AVERAGEIF(D:D,W7,T:T) -> 0.64133333 | AL7: =AVERAGEIF(D:D,W7,U:U) -> 521
A8: 4739 | B8: =VLOOKUP(A8,[1]Assign!$A:$D,4,FALSE) -> 555 | C8: 1 | D8: 212 | E8: =VLOOKUP(A8,[1]Assign!$A:$I,9,FALSE) -> 25% MDGS Variable | F8: =VLOOKUP(A8,'[1]Carcass '!$C$105:$D$397,2,FALSE) -> 757 | G8: =F8/0.63 -> 1201.5873 | H8: =(G8-B8)/196 -> 3.2989148 | I8: =VLOOKUP(D8,'[1]DMO head'!$A$2:$D$49,4,FALSE) -> 21.738936 | J8: =G8-B8 -> 646.5873 | L8: =VLOOKUP(A8,'[1]Carcass '!$C$10:$J$397,8,FALSE) -> 0 | M8: =COUNTIF(L8,"A") -> 0 | N8: =COUNTIF(L8,"A-") -> 0 | O8: =COUNTIF(L8,"A+") -> 0 | P8: =SUM(M8:O8) -> 0 | Q8: =COUNTIF(L8,"C") -> 0 | R8: =VLOOKUP(A8,'[1]Carcass '!$C$107:$E$399,3,FALSE) -> 12.9 | S8: =VLOOKUP(A8,'[1]Carcass '!$C$107:$F$399,4,FALSE) -> 3.3 | T8: =VLOOKUP(A8,'[1]Carcass '!$C$10:$G$397,5, FALSE) -> 0.604 | U8: =VLOOKUP(A8,'[1]Carcass '!$C$107:$I$399,7,FALSE) -> 551 | W8: 211 | X8: 1 | Y8: 2 | Z8: Control | AA8: =AVERAGEIF(D:D,W8,B:B) -> 575.4 | AB8: =AVERAGEIF(D:D,W8,F:F) -> 752.5 | AC8: =AVERAGEIF(D:D,W8,G:G) -> 1194.4444 | AD8: =AVERAGEIF(D:D,W8,H:H) -> 3.15839 | AE8: =VLOOKUP(W8,'[1]DMO head'!$A$2:$D$49,4,FALSE) -> 19.728558 | AF8: =AD8/AE8 -> 0.16009229 | AG8: =AE8/AD8 -> 6.2463969 | AI8: =AVERAGEIF(D:D,W8,R:R) -> 13.775 | AJ8: =AVERAGEIF(D:D,W8,S:S) -> 3.07 | AK8: =AVERAGEIF(D:D,W8,T:T) -> 0.4882 | AL8: =AVERAGEIF(D:D,W8,U:U) -> 515.6
A9: 4485 | B9: =VLOOKUP(A9,[1]Assign!$A:$D,4,FALSE) -> 557 | C9: 1 | D9: 213 | E9: =VLOOKUP(A9,[1]Assign!$A:$I,9,FALSE) -> 10% MDGS Variable | F9: =VLOOKUP(A9,'[1]Carcass '!$C$105:$D$397,2,FALSE) -> 916 | G9: =F9/0.63 -> 1453.9683 | H9: =(G9-B9)/196 -> 4.5763686 | I9: =VLOOKUP(D9,'[1]DMO head'!$A$2:$D$49,4,FALSE) -> 22.955779 | J9: =G9-B9 -> 896.96825 | L9: =VLOOKUP(A9,'[1]Carcass '!$C$10:$J$397,8,FALSE) -> 0 | M9: =COUNTIF(L9,"A") -> 0 | N9: =COUNTIF(L9,"A-") -> 0 | O9: =COUNTIF(L9,"A+") -> 0 | P9: =SUM(M9:O9) -> 0 | Q9: =COUNTIF(L9,"C") -> 0 | R9: =VLOOKUP(A9,'[1]Carcass '!$C$107:$E$399,3,FALSE) -> 14.4 | S9: =VLOOKUP(A9,'[1]Carcass '!$C$107:$F$399,4,FALSE) -> 3.5 | T9: =VLOOKUP(A9,'[1]Carcass '!$C$10:$G$397,5, FALSE) -> 0.71 | U9: =VLOOKUP(A9,'[1]Carcass '!$C$107:$I$399,7,FALSE) -> 722 | W9: 212 | X9: 1 | Y9: 2 | Z9: 25% MDGS Variable | AA9: =AVERAGEIF(D:D,W9,B:B) -> 575.6 | AB9: =AVERAGEIF(D:D,W9,F:F) -> 798.5 | AC9: =AVERAGEIF(D:D,W9,G:G) -> 1267.4603 | AD9: =AVERAGEIF(D:D,W9,H:H) -> 3.5298996 | AE9: =VLOOKUP(W9,'[1]DMO head'!$A$2:$D$49,4,FALSE) -> 21.738936 | AF9: =AD9/AE9 -> 0.16237684 | AG9: =AE9/AD9 -> 6.1585139 | AI9: =AVERAGEIF(D:D,W9,R:R) -> 13.28 | AJ9: =AVERAGEIF(D:D,W9,S:S) -> 3.328 | AK9: =AVERAGEIF(D:D,W9,T:T) -> 0.577 | AL9: =AVERAGEIF(D:D,W9,U:U) -> 526
A10: 4603 | B10: =VLOOKUP(A10,[1]Assign!$A:$D,4,FALSE) -> 562 | C10: 1 | D10: 214 | E10: =VLOOKUP(A10,[1]Assign!$A:$I,9,FALSE) -> 25% MDGS Constant | F10: =VLOOKUP(A10,'[1]Carcass '!$C$105:$D$397,2,FALSE) -> 866 | G10: =F10/0.63 -> 1374.6032 | H10: =(G10-B10)/196 -> 4.1459346 | I10: =VLOOKUP(D10,'[1]DMO head'!$A$2:$D$49,4,FALSE) -> 22.398785 | J10: =G10-B10 -> 812.60317 | L10: =VLOOKUP(A10,'[1]Carcass '!$C$10:$J$397,8,FALSE) -> C | M10: =COUNTIF(L10,"A") -> 0 | N10: =COUNTIF(L10,"A-") -> 0 | O10: =COUNTIF(L10,"A+") -> 0 | P10: =SUM(M10:O10) -> 0 | Q10: =COUNTIF(L10,"C") -> 1 | R10: =VLOOKUP(A10,'[1]Carcass '!$C$107:$E$399,3,FALSE) -> 14.5 | S10: =VLOOKUP(A10,'[1]Carcass '!$C$107:$F$399,4,FALSE) -> 3.5 | T10: =VLOOKUP(A10,'[1]Carcass '!$C$10:$G$397,5, FALSE) -> 0.71 | U10: =VLOOKUP(A10,'[1]Carcass '!$C$107:$I$399,7,FALSE) -> 411 | W10: 213 | X10: 1 | Y10: 2 | Z10: 10% MDGS Variable | AA10: =AVERAGEIF(D:D,W10,B:B) -> 571.9 | AB10: =AVERAGEIF(D:D,W10,F:F) -> 851.9 | AC10: =AVERAGEIF(D:D,W10,G:G) -> 1360.8466 | AD10: =AVERAGEIF(D:D,W10,H:H) -> 4.037199 | AE10: =VLOOKUP(W10,'[1]DMO head'!$A$2:$D$49,4,FALSE) -> 22.955779 | AF10: =AD10/AE10 -> 0.17586852 | AG10: =AE10/AD10 -> 5.6860658 | AI10: =AVERAGEIF(D:D,W10,R:R) -> 14.095556 | AJ10: =AVERAGEIF(D:D,W10,S:S) -> 3.5933333 | AK10: =AVERAGEIF(D:D,W10,T:T) -> 0.726 | AL10: =AVERAGEIF(D:D,W10,U:U) -> 643.11111
A11: 4683 | B11: =VLOOKUP(A11,[1]Assign!$A:$D,4,FALSE) -> 554 | C11: 1 | D11: 205 | E11: =VLOOKUP(A11,[1]Assign!$A:$I,9,FALSE) -> 10% MDGS Constant | F11: =VLOOKUP(A11,'[1]Carcass '!$C$105:$D$397,2,FALSE) -> 760 | G11: =F11/0.63 -> 1206.3492 | H11: =(G11-B11)/196 -> 3.3283123 | I11: =VLOOKUP(D11,'[1]DMO head'!$A$2:$D$49,4,FALSE) -> 21.582642 | J11: =G11-B11 -> 652.34921 | L11: =VLOOKUP(A11,'[1]Carcass '!$C$10:$J$397,8,FALSE) -> 0 | M11: =COUNTIF(L11,"A") -> 0 | N11: =COUNTIF(L11,"A-") -> 0 | O11: =COUNTIF(L11,"A+") -> 0 | P11: =SUM(M11:O11) -> 0 | Q11: =COUNTIF(L11,"C") -> 0 | R11: =VLOOKUP(A11,'[1]Carcass '!$C$107:$E$399,3,FALSE) -> 15.22 | S11: =VLOOKUP(A11,'[1]Carcass '!$C$107:$F$399,4,FALSE) -> 2.6 | T11: =VLOOKUP(A11,'[1]Carcass '!$C$10:$G$397,5, FALSE) -> 0.36 | U11: =VLOOKUP(A11,'[1]Carcass '!$C$107:$I$399,7,FALSE) -> 362 | W11: 214 | X11: 1 | Y11: 2 | Z11: 25% MDGS Constant | AA11: =AVERAGEIF(D:D,W11,B:B) -> 574 | AB11: =AVERAGEIF(D:D,W11,F:F) -> 826.1 | AC11: =AVERAGEIF(D:D,W11,G:G) -> 1311.2698 | AD11: =AVERAGEIF(D:D,W11,H:H) -> 3.7615808 | AE11: =VLOOKUP(W11,'[1]DMO head'!$A$2:$D$49,4,FALSE) -> 22.398785 | AF11: =AD11/AE11 -> 0.16793683 | AG11: =AE11/AD11 -> 5.9546201 | AI11: =AVERAGEIF(D:D,W11,R:R) -> 13.51 | AJ11: =AVERAGEIF(D:D,W11,S:S) -> 3.467 | AK11: =AVERAGEIF(D:D,W11,T:T) -> 0.67275 | AL11: =AVERAGEIF(D:D,W11,U:U) -> 539.875
A12: 4313 | B12: =VLOOKUP(A12,[1]Assign!$A:$D,4,FALSE) -> 560 | C12: 1 | D12: 206 | E12: =VLOOKUP(A12,[1]Assign!$A:$I,9,FALSE) -> 10% MDGS Variable | F12: =VLOOKUP(A12,'[1]Carcass '!$C$105:$D$397,2,FALSE) -> 782 | G12: =F12/0.63 -> 1241.2698 | H12: =(G12-B12)/196 -> 3.4758665 | I12: =VLOOKUP(D12,'[1]DMO head'!$A$2:$D$49,4,FALSE) -> 20.595227 | J12: =G12-B12 -> 681.26984 | L12: =VLOOKUP(A12,'[1]Carcass '!$C$10:$J$397,8,FALSE) -> A+ | M12: =COUNTIF(L12,"A") -> 0 | N12: =COUNTIF(L12,"A-") -> 0 | O12: =COUNTIF(L12,"A+") -> 1 | P12: =SUM(M12:O12) -> 1 | Q12: =COUNTIF(L12,"C") -> 0 | R12: =VLOOKUP(A12,'[1]Carcass '!$C$107:$E$399,3,FALSE) -> 13.7 | S12: =VLOOKUP(A12,'[1]Carcass '!$C$107:$F$399,4,FALSE) -> 2.8 | T12: =VLOOKUP(A12,'[1]Carcass '!$C$10:$G$397,5, FALSE) -> 0.37 | U12: =VLOOKUP(A12,'[1]Carcass '!$C$107:$I$399,7,FALSE) -> 389 | W12: 215 | X12: 2 | Y12: 3 | Z12: 10% MDGS Variable | AA12: =AVERAGEIF(D:D,W12,B:B) -> 629.55556 | AB12: =AVERAGEIF(D:D,W12,F:F) -> 834.11111 | AC12: =AVERAGEIF(D:D,W12,G:G) -> 1323.9859 | AD12: =AVERAGEIF(D:D,W12,H:H) -> 3.5430119 | AE12: =VLOOKUP(W12,'[1]DMO head'!$A$2:$D$49,4,FALSE) -> 21.579785 | AF12: =AD12/AE12 -> 0.16418198 | AG12: =AE12/AD12 -> 6.0908023 | AI12: =AVERAGEIF(D:D,W12,R:R) -> 14.248571 | AJ12: =AVERAGEIF(D:D,W12,S:S) -> 3.2585714 | AK12: =AVERAGEIF(D:D,W12,T:T) -> 0.674 | AL12: =AVERAGEIF(D:D,W12,U:U) -> 548.83333
A13: 4418 | B13: =VLOOKUP(A13,[1]Assign!$A:$D,4,FALSE) -> 572 | C13: 1 | D13: 207 | E13: =VLOOKUP(A13,[1]Assign!$A:$I,9,FALSE) -> Control | F13: =VLOOKUP(A13,'[1]Carcass '!$C$105:$D$397,2,FALSE) -> 789 | G13: =F13/0.63 -> 1252.381 | H13: =(G13-B13)/196 -> 3.4713314 | I13: =VLOOKUP(D13,'[1]DMO head'!$A$2:$D$49,4,FALSE) -> 21.495747 | J13: =G13-B13 -> 680.38095 | L13: =VLOOKUP(A13,'[1]Carcass '!$C$10:$J$397,8,FALSE) -> C | M13: =COUNTIF(L13,"A") -> 0 | N13: =COUNTIF(L13,"A-") -> 0 | O13: =COUNTIF(L13,"A+") -> 0 | P13: =SUM(M13:O13) -> 0 | Q13: =COUNTIF(L13,"C") -> 1 | R13: =VLOOKUP(A13,'[1]Carcass '!$C$107:$E$399,3,FALSE) -> 13.6 | S13: =VLOOKUP(A13,'[1]Carcass '!$C$107:$F$399,4,FALSE) -> 3.7 | T13: =VLOOKUP(A13,'[1]Carcass '!$C$10:$G$397,5, FALSE) -> 0.716 | U13: =VLOOKUP(A13,'[1]Carcass '!$C$107:$I$399,7,FALSE) -> 589 | W13: 216 | X13: 2 | Y13: 3 | Z13: 10% MDGS Constant | AA13: =AVERAGEIF(D:D,W13,B:B) -> 625.1 | AB13: =AVERAGEIF(D:D,W13,F:F) -> 803.8 | AC13: =AVERAGEIF(D:D,W13,G:G) -> 1275.873 | AD13: =AVERAGEIF(D:D,W13,H:H) -> 3.3202705 | AE13: =VLOOKUP(W13,'[1]DMO head'!$A$2:$D$49,4,FALSE) -> 21.830062 | AF13: =AD13/AE13 -> 0.15209624 | AG13: =AE13/AD13 -> 6.5747843 | AI13: =AVERAGEIF(D:D,W13,R:R) -> 13.67 | AJ13: =AVERAGEIF(D:D,W13,S:S) -> 3.425 | AK13: =AVERAGEIF(D:D,W13,T:T) -> 0.6254 | AL13: =AVERAGEIF(D:D,W13,U:U) -> 549.9
A14: 4376 | B14: =VLOOKUP(A14,[1]Assign!$A:$D,4,FALSE) -> 570 | C14: 1 | D14: 208 | E14: =VLOOKUP(A14,[1]Assign!$A:$I,9,FALSE) -> 25% MDGS Variable | F14: =VLOOKUP(A14,'[1]Carcass '!$C$105:$D$397,2,FALSE) -> 787 | G14: =F14/0.63 -> 1249.2063 | H14: =(G14-B14)/196 -> 3.4653385 | I14: =VLOOKUP(D14,'[1]DMO head'!$A$2:$D$49,4,FALSE) -> 22.923741 | J14: =G14-B14 -> 679.20635 | L14: =VLOOKUP(A14,'[1]Carcass '!$C$10:$J$397,8,FALSE) -> C | M14: =COUNTIF(L14,"A") -> 0 | N14: =COUNTIF(L14,"A-") -> 0 | O14: =COUNTIF(L14,"A+") -> 0 | P14: =SUM(M14:O14) -> 0 | Q14: =COUNTIF(L14,"C") -> 1 | R14: =VLOOKUP(A14,'[1]Carcass '!$C$107:$E$399,3,FALSE) -> 13.7 | S14: =VLOOKUP(A14,'[1]Carcass '!$C$107:$F$399,4,FALSE) -> 3.1 | T14: =VLOOKUP(A14,'[1]Carcass '!$C$10:$G$397,5, FALSE) -> 0.532 | U14: =VLOOKUP(A14,'[1]Carcass '!$C$107:$I$399,7,FALSE) -> 584 | W14: 301 | X14: 2 | Y14: 3 | Z14: 25% MDGS Constant | AA14: =AVERAGEIF(D:D,W14,B:B) -> 627.9 | AB14: =AVERAGEIF(D:D,W14,F:F) -> 860.5 | AC14: =AVERAGEIF(D:D,W14,G:G) -> 1365.873 | AD14: =AVERAGEIF(D:D,W14,H:H) -> 3.7651684 | AE14: =VLOOKUP(W14,'[1]DMO head'!$A$2:$D$49,4,FALSE) -> 22.630176 | AF14: =AD14/AE14 -> 0.16637822 | AG14: =AE14/AD14 -> 6.010402 | AI14: =AVERAGEIF(D:D,W14,R:R) -> 13.86 | AJ14: =AVERAGEIF(D:D,W14,S:S) -> 3.511 | AK14: =AVERAGEIF(D:D,W14,T:T) -> 0.6716 | AL14: =AVERAGEIF(D:D,W14,U:U) -> 574.66667
A15: 4337 | B15: =VLOOKUP(A15,[1]Assign!$A:$D,4,FALSE) -> 566 | C15: 1 | D15: *210 | E15: =VLOOKUP(A15,[1]Assign!$A:$I,9,FALSE) -> 10% MDGS Constant | F15: =VLOOKUP(A15,'[1]Carcass '!$C$105:$D$397,2,FALSE) -> 502 | G15: =F15/0.63 -> 796.8254 | H15: =(G15-B15)/196 -> 1.1776806 | I15: =VLOOKUP(D15,'[1]DMO head'!$A$2:$D$49,4,FALSE) -> #N/A | J15: =G15-B15 -> 230.8254 | L15: =VLOOKUP(A15,'[1]Carcass '!$C$10:$J$397,8,FALSE) -> C | M15: =COUNTIF(L15,"A") -> 0 | N15: =COUNTIF(L15,"A-") -> 0 | O15: =COUNTIF(L15,"A+") -> 0 | P15: =SUM(M15:O15) -> 0 | Q15: =COUNTIF(L15,"C") -> 1 | R15: =VLOOKUP(A15,'[1]Carcass '!$C$107:$E$399,3,FALSE) -> 11.4 | S15: =VLOOKUP(A15,'[1]Carcass '!$C$107:$F$399,4,FALSE) -> 2.65 | T15: =VLOOKUP(A15,'[1]Carcass '!$C$10:$G$397,5, FALSE) -> 0.412 | U15: =VLOOKUP(A15,'[1]Carcass '!$C$107:$I$399,7,FALSE) -> 389 | W15: 302 | X15: 2 | Y15: 3 | Z15: 25% MDGS Variable | AA15: =AVERAGEIF(D:D,W15,B:B) -> 628.625 | AB15: =AVERAGEIF(D:D,W15,F:F) -> 831.25 | AC15: =AVERAGEIF(D:D,W15,G:G) -> 1319.4444 | AD15: =AVERAGEIF(D:D,W15,H:H) -> 3.524589 | AE15: =VLOOKUP(W15,'[1]DMO head'!$A$2:$D$49,4,FALSE) -> 21.718133 | AF15: =AD15/AE15 -> 0.16228784 | AG15: =AE15/AD15 -> 6.161891 | AI15: =AVERAGEIF(D:D,W15,R:R) -> 14.28625 | AJ15: =AVERAGEIF(D:D,W15,S:S) -> 3.3375 | AK15: =AVERAGEIF(D:D,W15,T:T) -> 0.72657143 | AL15: =AVERAGEIF(D:D,W15,U:U) -> 559.33333
A16: 4365 | B16: =VLOOKUP(A16,[1]Assign!$A:$D,4,FALSE) -> 566 | C16: 1 | D16: 211 | E16: =VLOOKUP(A16,[1]Assign!$A:$I,9,FALSE) -> Control | F16: =VLOOKUP(A16,'[1]Carcass '!$C$105:$D$397,2,FALSE) -> 710 | G16: =F16/0.63 -> 1126.9841 | H16: =(G16-B16)/196 -> 2.8621639 | I16: =VLOOKUP(D16,'[1]DMO head'!$A$2:$D$49,4,FALSE) -> 19.728558 | J16: =G16-B16 -> 560.98413 | L16: =VLOOKUP(A16,'[1]Carcass '!$C$10:$J$397,8,FALSE) -> 0 | M16: =COUNTIF(L16,"A") -> 0 | N16: =COUNTIF(L16,"A-") -> 0 | O16: =COUNTIF(L16,"A+") -> 0 | P16: =SUM(M16:O16) -> 0 | Q16: =COUNTIF(L16,"C") -> 0 | R16: =VLOOKUP(A16,'[1]Carcass '!$C$107:$E$399,3,FALSE) -> 11 | S16: =VLOOKUP(A16,'[1]Carcass '!$C$107:$F$399,4,FALSE) -> 3.3 | T16: =VLOOKUP(A16,'[1]Carcass '!$C$10:$G$397,5, FALSE) -> 0.54 | U16: =VLOOKUP(A16,'[1]Carcass '!$C$107:$I$399,7,FALSE) -> 615 | W16: 303 | X16: 2 | Y16: 3 | Z16: Control | AA16: =AVERAGEIF(D:D,W16,B:B) -> 627.3 | AB16: =AVERAGEIF(D:D,W16,F:F) -> 831.9 | AC16: =AVERAGEIF(D:D,W16,G:G) -> 1320.4762 | AD16: =AVERAGEIF(D:D,W16,H:H) -> 3.5366132 | AE16: =VLOOKUP(W16,'[1]DMO head'!$A$2:$D$49,4,FALSE) -> 21.25678 | AF16: =AD16/AE16 -> 0.16637577 | AG16: =AE16/AD16 -> 6.0104905 | AI16: =AVERAGEIF(D:D,W16,R:R) -> 13.957 | AJ16: =AVERAGEIF(D:D,W16,S:S) -> 3.209 | AK16: =AVERAGEIF(D:D,W16,T:T) -> 0.6226 | AL16: =AVERAGEIF(D:D,W16,U:U) -> 520.3
A17: 4502 | B17: =VLOOKUP(A17,[1]Assign!$A:$D,4,FALSE) -> 564 | C17: 1 | D17: 212 | E17: =VLOOKUP(A17,[1]Assign!$A:$I,9,FALSE) -> 25% MDGS Variable | F17: =VLOOKUP(A17,'[1]Carcass '!$C$105:$D$397,2,FALSE) -> 782 | G17: =F17/0.63 -> 1241.2698 | H17: =(G17-B17)/196 -> 3.4554584 | I17: =VLOOKUP(D17,'[1]DMO head'!$A$2:$D$49,4,FALSE) -> 21.738936 | J17: =G17-B17 -> 677.26984 | L17: =VLOOKUP(A17,'[1]Carcass '!$C$10:$J$397,8,FALSE) -> 0 | M17: =COUNTIF(L17,"A") -> 0 | N17: =COUNTIF(L17,"A-") -> 0 | O17: =COUNTIF(L17,"A+") -> 0 | P17: =SUM(M17:O17) -> 0 | Q17: =COUNTIF(L17,"C") -> 0 | R17: =VLOOKUP(A17,'[1]Carcass '!$C$107:$E$399,3,FALSE) -> 12.7 | S17: =VLOOKUP(A17,'[1]Carcass '!$C$107:$F$399,4,FALSE) -> 3.8 | T17: =VLOOKUP(A17,'[1]Carcass '!$C$10:$G$397,5, FALSE) -> 0.796 | U17: =VLOOKUP(A17,'[1]Carcass '!$C$107:$I$399,7,FALSE) -> 754 | W17: 304 | X17: 2 | Y17: 4 | Z17: 10% MDGS Variable | AA17: =AVERAGEIF(D:D,W17,B:B) -> 625.55556 | AB17: =AVERAGEIF(D:D,W17,F:F) -> 810.77778 | AC17: =AVERAGEIF(D:D,W17,G:G) -> 1283.7302 | AD17: =AVERAGEIF(D:D,W17,H:H) -> 3.3417355 | AE17: =VLOOKUP(W17,'[1]DMO head'!$A$2:$D$49,4,FALSE) -> 21.282594 | AF17: =AD17/AE17 -> 0.1570173 | AG17: =AE17/AD17 -> 6.368725 | AI17: =AVERAGEIF(D:D,W17,R:R) -> 13.575 | AJ17: =AVERAGEIF(D:D,W17,S:S) -> 3.23125 | AK17: =AVERAGEIF(D:D,W17,T:T) -> 0.59875 | AL17: =AVERAGEIF(D:D,W17,U:U) -> 546.625
A18: 4755 | B18: =VLOOKUP(A18,[1]Assign!$A:$D,4,FALSE) -> 551 | C18: 1 | D18: 213 | E18: =VLOOKUP(A18,[1]Assign!$A:$I,9,FALSE) -> 10% MDGS Variable | F18: =VLOOKUP(A18,'[1]Carcass '!$C$105:$D$397,2,FALSE) -> 889 | G18: =F18/0.63 -> 1411.1111 | H18: =(G18-B18)/196 -> 4.388322 | I18: =VLOOKUP(D18,'[1]DMO head'!$A$2:$D$49,4,FALSE) -> 22.955779 | J18: =G18-B18 -> 860.11111 | L18: =VLOOKUP(A18,'[1]Carcass '!$C$10:$J$397,8,FALSE) -> C | M18: =COUNTIF(L18,"A") -> 0 | N18: =COUNTIF(L18,"A-") -> 0 | O18: =COUNTIF(L18,"A+") -> 0 | P18: =SUM(M18:O18) -> 0 | Q18: =COUNTIF(L18,"C") -> 1 | R18: =VLOOKUP(A18,'[1]Carcass '!$C$107:$E$399,3,FALSE) -> 15.18 | S18: =VLOOKUP(A18,'[1]Carcass '!$C$107:$F$399,4,FALSE) -> 3.3 | T18: =VLOOKUP(A18,'[1]Carcass '!$C$10:$G$397,5, FALSE) -> 0.66 | U18: =VLOOKUP(A18,'[1]Carcass '!$C$107:$I$399,7,FALSE) -> 532 | W18: 305 | X18: 2 | Y18: 4 | Z18: 10% MDGS Constant | AA18: =AVERAGEIF(D:D,W18,B:B) -> 626.3 | AB18: =AVERAGEIF(D:D,W18,F:F) -> 812.9 | AC18: =AVERAGEIF(D:D,W18,G:G) -> 1296.649 | AD18: =AVERAGEIF(D:D,W18,H:H) -> 3.4114746 | AE18: =VLOOKUP(W18,'[1]DMO head'!$A$2:$D$49,4,FALSE) -> 20.599574 | AF18: =AD18/AE18 -> 0.16560899 | AG18: =AE18/AD18 -> 6.0383195 | AI18: =AVERAGEIF(D:D,W18,R:R) -> 14.19 | AJ18: =AVERAGEIF(D:D,W18,S:S) -> 3.285 | AK18: =AVERAGEIF(D:D,W18,T:T) -> 0.56711111 | AL18: =AVERAGEIF(D:D,W18,U:U) -> 525.28571
A19: 4460 | B19: =VLOOKUP(A19,[1]Assign!$A:$D,4,FALSE) -> 556 | C19: 1 | D19: 214 | E19: =VLOOKUP(A19,[1]Assign!$A:$I,9,FALSE) -> 25% MDGS Constant | F19: =VLOOKUP(A19,'[1]Carcass '!$C$105:$D$397,2,FALSE) -> 760 | G19: =F19/0.63 -> 1206.3492 | H19: =(G19-B19)/196 -> 3.3181082 | I19: =VLOOKUP(D19,'[1]DMO head'!$A$2:$D$49,4,FALSE) -> 22.398785 | J19: =G19-B19 -> 650.34921 | L19: =VLOOKUP(A19,'[1]Carcass '!$C$10:$J$397,8,FALSE) -> C | M19: =COUNTIF(L19,"A") -> 0 | N19: =COUNTIF(L19,"A-") -> 0 | O19: =COUNTIF(L19,"A+") -> 0 | P19: =SUM(M19:O19) -> 0 | Q19: =COUNTIF(L19,"C") -> 1 | R19: =VLOOKUP(A19,'[1]Carcass '!$C$107:$E$399,3,FALSE) -> 12.75 | S19: =VLOOKUP(A19,'[1]Carcass '!$C$107:$F$399,4,FALSE) -> 3.27 | W19: 306 | X19: 2 | Y19: 4 | Z19: Control | AA19: =AVERAGEIF(D:D,W19,B:B) -> 625.66667 | AB19: =AVERAGEIF(D:D,W19,F:F) -> 828.77778 | AC19: =AVERAGEIF(D:D,W19,G:G) -> 1315.5203 | AD19: =AVERAGEIF(D:D,W19,H:H) -> 3.5196613 | AE19: =VLOOKUP(W19,'[1]DMO head'!$A$2:$D$49,4,FALSE) -> 23.243543 | AF19: =AD19/AE19 -> 0.15142533 | AG19: =AE19/AD19 -> 6.6039148 | AI19: =AVERAGEIF(D:D,W19,R:R) -> 13.484444 | AJ19: =AVERAGEIF(D:D,W19,S:S) -> 3.5833333 | AK19: =AVERAGEIF(D:D,W19,T:T) -> 0.72755556 | AL19: =AVERAGEIF(D:D,W19,U:U) -> 561.55556
A20: 4317 | B20: =VLOOKUP(A20,[1]Assign!$A:$D,4,FALSE) -> 563 | C20: 1 | D20: 205 | E20: =VLOOKUP(A20,[1]Assign!$A:$I,9,FALSE) -> 10% MDGS Constant | F20: =VLOOKUP(A20,'[1]Carcass '!$C$105:$D$397,2,FALSE) -> 698 | G20: =F20/0.63 -> 1107.9365 | H20: =(G20-B20)/196 -> 2.7802883 | I20: =VLOOKUP(D20,'[1]DMO head'!$A$2:$D$49,4,FALSE) -> 21.582642 | J20: =G20-B20 -> 544.93651 | L20: =VLOOKUP(A20,'[1]Carcass '!$C$10:$J$397,8,FALSE) -> 0 | M20: =COUNTIF(L20,"A") -> 0 | N20: =COUNTIF(L20,"A-") -> 0 | O20: =COUNTIF(L20,"A+") -> 0 | P20: =SUM(M20:O20) -> 0 | Q20: =COUNTIF(L20,"C") -> 0 | R20: =VLOOKUP(A20,'[1]Carcass '!$C$107:$E$399,3,FALSE) -> 10.8 | S20: =VLOOKUP(A20,'[1]Carcass '!$C$107:$F$399,4,FALSE) -> 3.3 | T20: =VLOOKUP(A20,'[1]Carcass '!$C$10:$G$397,5, FALSE) -> 0.58 | U20: =VLOOKUP(A20,'[1]Carcass '!$C$107:$I$399,7,FALSE) -> 458 | W20: 307 | X20: 2 | Y20: 4 | Z20: 25% MDGS Variable | AA20: =AVERAGEIF(D:D,W20,B:B) -> 624.7 | AB20: =AVERAGEIF(D:D,W20,F:F) -> 833.3 | AC20: =AVERAGEIF(D:D,W20,G:G) -> 1322.6984 | AD20: =AVERAGEIF(D:D,W20,H:H) -> 3.5612164 | AE20: =VLOOKUP(W20,'[1]DMO head'!$A$2:$D$49,4,FALSE) -> 21.697159 | AF20: =AD20/AE20 -> 0.16413284 | AG20: =AE20/AD20 -> 6.0926258 | AI20: =AVERAGEIF(D:D,W20,R:R) -> 14.21 | AJ20: =AVERAGEIF(D:D,W20,S:S) -> 3.182 | AK20: =AVERAGEIF(D:D,W20,T:T) -> 0.563 | AL20: =AVERAGEIF(D:D,W20,U:U) -> 522.55556
A21: 4333 | B21: =VLOOKUP(A21,[1]Assign!$A:$D,4,FALSE) -> 567 | C21: 1 | D21: 206 | E21: =VLOOKUP(A21,[1]Assign!$A:$I,9,FALSE) -> 10% MDGS Variable | F21: =VLOOKUP(A21,'[1]Carcass '!$C$105:$D$397,2,FALSE) -> 718 | G21: =F21/0.63 -> 1139.6825 | H21: =(G21-B21)/196 -> 2.9218497 | I21: =VLOOKUP(D21,'[1]DMO head'!$A$2:$D$49,4,FALSE) -> 20.595227 | J21: =G21-B21 -> 572.68254 | L21: =VLOOKUP(A21,'[1]Carcass '!$C$10:$J$397,8,FALSE) -> 0 | M21: =COUNTIF(L21,"A") -> 0 | N21: =COUNTIF(L21,"A-") -> 0 | O21: =COUNTIF(L21,"A+") -> 0 | P21: =SUM(M21:O21) -> 0 | Q21: =COUNTIF(L21,"C") -> 0 | R21: =VLOOKUP(A21,'[1]Carcass '!$C$107:$E$399,3,FALSE) -> 13.9 | S21: =VLOOKUP(A21,'[1]Carcass '!$C$107:$F$399,4,FALSE) -> 3.6 | T21: =VLOOKUP(A21,'[1]Carcass '!$C$10:$G$397,5, FALSE) -> 0.68 | U21: =VLOOKUP(A21,'[1]Carcass '!$C$107:$I$399,7,FALSE) -> 502 | W21: 308 | X21: 2 | Y21: 4 | Z21: 25% MDGS Constant | AA21: =AVERAGEIF(D:D,W21,B:B) -> 626.7 | AB21: =AVERAGEIF(D:D,W21,F:F) -> 864.2 | AC21: =AVERAGEIF(D:D,W21,G:G) -> 1371.746 | AD21: =AVERAGEIF(D:D,W21,H:H) -> 3.8012553 | AE21: =VLOOKUP(W21,'[1]DMO head'!$A$2:$D$49,4,FALSE) -> 23.183092 | AF21: =AD21/AE21 -> 0.1639667 | AG21: =AE21/AD21 -> 6.0987992 | AI21: =AVERAGEIF(D:D,W21,R:R) -> 14.044444 | AJ21: =AVERAGEIF(D:D,W21,S:S) -> 3.6166667 | AK21: =AVERAGEIF(D:D,W21,T:T) -> 0.74777778 | AL21: =AVERAGEIF(D:D,W21,U:U) -> 594.11111
A22: 4700 | B22: =VLOOKUP(A22,[1]Assign!$A:$D,4,FALSE) -> 567 | C22: 1 | D22: 207 | E22: =VLOOKUP(A22,[1]Assign!$A:$I,9,FALSE) -> Control | F22: =VLOOKUP(A22,'[1]Carcass '!$C$105:$D$397,2,FALSE) -> 841 | G22: =F22/0.63 -> 1334.9206 | H22: =(G22-B22)/196 -> 3.9179624 | I22: =VLOOKUP(D22,'[1]DMO head'!$A$2:$D$49,4,FALSE) -> 21.495747 | J22: =G22-B22 -> 767.92063 | L22: =VLOOKUP(A22,'[1]Carcass '!$C$10:$J$397,8,FALSE) -> 0 | M22: =COUNTIF(L22,"A") -> 0 | N22: =COUNTIF(L22,"A-") -> 0 | O22: =COUNTIF(L22,"A+") -> 0 | P22: =SUM(M22:O22) -> 0 | Q22: =COUNTIF(L22,"C") -> 0 | R22: =VLOOKUP(A22,'[1]Carcass '!$C$107:$E$399,3,FALSE) -> 12.15 | S22: =VLOOKUP(A22,'[1]Carcass '!$C$107:$F$399,4,FALSE) -> 3.7 | T22: =VLOOKUP(A22,'[1]Carcass '!$C$10:$G$397,5, FALSE) -> 0.732 | U22: =VLOOKUP(A22,'[1]Carcass '!$C$107:$I$399,7,FALSE) -> 524 | W22: 309 | X22: 2 | Y22: 5 | Z22: Control | AA22: =AVERAGEIF(D:D,W22,B:B) -> 626.7 | AB22: =AVERAGEIF(D:D,W22,F:F) -> 853.2 | AC22: =AVERAGEIF(D:D,W22,G:G) -> 1354.2857 | AD22: =AVERAGEIF(D:D,W22,H:H) -> 3.712172 | AE22: =VLOOKUP(W22,'[1]DMO head'!$A$2:$D$49,4,FALSE) -> 22.38275 | AF22: =AD22/AE22 -> 0.16584969 | AG22: =AE22/AD22 -> 6.0295562 | AI22: =AVERAGEIF(D:D,W22,R:R) -> 13.971 | AJ22: =AVERAGEIF(D:D,W22,S:S) -> 3.442 | AK22: =AVERAGEIF(D:D,W22,T:T) -> 0.6464 | AL22: =AVERAGEIF(D:D,W22,U:U) -> 552
A23: 4357 | B23: =VLOOKUP(A23,[1]Assign!$A:$D,4,FALSE) -> 559 | C23: 1 | D23: 209 | E23: =VLOOKUP(A23,[1]Assign!$A:$I,9,FALSE) -> 25% MDGS Constant | F23: =VLOOKUP(A23,'[1]Carcass '!$C$105:$D$397,2,FALSE) -> 777 | G23: =F23/0.63 -> 1233.3333 | H23: =(G23-B23)/196 -> 3.4404762 | I23: =VLOOKUP(D23,'[1]DMO head'!$A$2:$D$49,4,FALSE) -> 21.321409 | J23: =G23-B23 -> 674.33333 | L23: =VLOOKUP(A23,'[1]Carcass '!$C$10:$J$397,8,FALSE) -> 0 | M23: =COUNTIF(L23,"A") -> 0 | N23: =COUNTIF(L23,"A-") -> 0 | O23: =COUNTIF(L23,"A+") -> 0 | P23: =SUM(M23:O23) -> 0 | Q23: =COUNTIF(L23,"C") -> 0 | R23: =VLOOKUP(A23,'[1]Carcass '!$C$107:$E$399,3,FALSE) -> 14.2 | S23: =VLOOKUP(A23,'[1]Carcass '!$C$107:$F$399,4,FALSE) -> 3.14 | T23: =VLOOKUP(A23,'[1]Carcass '!$C$10:$G$397,5, FALSE) -> 0.5 | U23: =VLOOKUP(A23,'[1]Carcass '!$C$107:$I$399,7,FALSE) -> 372 | W23: 310 | X23: 2 | Y23: 5 | Z23: 10% MDGS Variable | AA23: =AVERAGEIF(D:D,W23,B:B) -> 632 | AB23: =AVERAGEIF(D:D,W23,F:F) -> 862.11111 | AC23: =AVERAGEIF(D:D,W23,G:G) -> 1368.4303 | AD23: =AVERAGEIF(D:D,W23,H:H) -> 3.7572976 | AE23: =VLOOKUP(W23,'[1]DMO head'!$A$2:$D$49,4,FALSE) -> 23.181072 | AF23: =AD23/AE23 -> 0.16208473 | AG23: =AE23/AD23 -> 6.1696128 | AI23: =AVERAGEIF(D:D,W23,R:R) -> 13.702222 | AJ23: =AVERAGEIF(D:D,W23,S:S) -> 3.5411111 | AK23: =AVERAGEIF(D:D,W23,T:T) -> 0.69 | AL23: =AVERAGEIF(D:D,W23,U:U) -> 582.875
A24: 4691 | B24: =VLOOKUP(A24,[1]Assign!$A:$D,4,FALSE) -> 567 | C24: 1 | D24: 210 | E24: =VLOOKUP(A24,[1]Assign!$A:$I,9,FALSE) -> 10% MDGS Constant | F24: =VLOOKUP(A24,'[1]Carcass '!$C$105:$D$397,2,FALSE) -> 665 | G24: =F24/0.63 -> 1055.5556 | H24: =(G24-B24)/196 -> 2.4926304 | I24: =VLOOKUP(D24,'[1]DMO head'!$A$2:$D$49,4,FALSE) -> 19.910352 | J24: =G24-B24 -> 488.55556 | L24: =VLOOKUP(A24,'[1]Carcass '!$C$10:$J$397,8,FALSE) -> 0 | M24: =COUNTIF(L24,"A") -> 0 | N24: =COUNTIF(L24,"A-") -> 0 | O24: =COUNTIF(L24,"A+") -> 0 | P24: =SUM(M24:O24) -> 0 | Q24: =COUNTIF(L24,"C") -> 0 | R24: =VLOOKUP(A24,'[1]Carcass '!$C$107:$E$399,3,FALSE) -> 13.25 | S24: =VLOOKUP(A24,'[1]Carcass '!$C$107:$F$399,4,FALSE) -> 2.8 | T24: =VLOOKUP(A24,'[1]Carcass '!$C$10:$G$397,5, FALSE) -> 0.44 | U24: =VLOOKUP(A24,'[1]Carcass '!$C$107:$I$399,7,FALSE) -> 421 | W24: 311 | X24: 2 | Y24: 5 | Z24: 10% MDGS Constant | AA24: =AVERAGEIF(D:D,W24,B:B) -> 631.3 | AB24: =AVERAGEIF(D:D,W24,F:F) -> 862.6 | AC24: =AVERAGEIF(D:D,W24,G:G) -> 1369.2063 | AD24: =AVERAGEIF(D:D,W24,H:H) -> 3.7648283 | AE24: =VLOOKUP(W24,'[1]DMO head'!$A$2:$D$49,4,FALSE) -> 23.779244 | AF24: =AD24/AE24 -> 0.15832414 | AG24: =AE24/AD24 -> 6.3161562 | AI24: =AVERAGEIF(D:D,W24,R:R) -> 14.089 | AJ24: =AVERAGEIF(D:D,W24,S:S) -> 3.44 | AK24: =AVERAGEIF(D:D,W24,T:T) -> 0.6664 | AL24: =AVERAGEIF(D:D,W24,U:U) -> 645.6
A25: 4423 | B25: =VLOOKUP(A25,[1]Assign!$A:$D,4,FALSE) -> 572 | C25: 1 | D25: 211 | E25: =VLOOKUP(A25,[1]Assign!$A:$I,9,FALSE) -> Control | F25: =VLOOKUP(A25,'[1]Carcass '!$C$105:$D$397,2,FALSE) -> 676 | G25: =F25/0.63 -> 1073.0159 | H25: =(G25-B25)/196 -> 2.5562034 | I25: =VLOOKUP(D25,'[1]DMO head'!$A$2:$D$49,4,FALSE) -> 19.728558 | J25: =G25-B25 -> 501.01587 | L25: =VLOOKUP(A25,'[1]Carcass '!$C$10:$J$397,8,FALSE) -> A- | M25: =COUNTIF(L25,"A") -> 0 | N25: =COUNTIF(L25,"A-") -> 1 | O25: =COUNTIF(L25,"A+") -> 0 | P25: =SUM(M25:O25) -> 1 | Q25: =COUNTIF(L25,"C") -> 0 | R25: =VLOOKUP(A25,'[1]Carcass '!$C$107:$E$399,3,FALSE) -> 12.72 | S25: =VLOOKUP(A25,'[1]Carcass '!$C$107:$F$399,4,FALSE) -> 2.8 | T25: =VLOOKUP(A25,'[1]Carcass '!$C$10:$G$397,5, FALSE) -> 0.37 | U25: =VLOOKUP(A25,'[1]Carcass '!$C$107:$I$399,7,FALSE) -> 484 | W25: 312 | X25: 2 | Y25: 5 | Z25: 25% MDGS Constant | AA25: =AVERAGEIF(D:D,W25,B:B) -> 629.1 | AB25: =AVERAGEIF(D:D,W25,F:F) -> 850.1 | AC25: =AVERAGEIF(D:D,W25,G:G) -> 1349.3651 | AD25: =AVERAGEIF(D:D,W25,H:H) -> 3.6748218 | AE25: =VLOOKUP(W25,'[1]DMO head'!$A$2:$D$49,4,FALSE) -> 23.507213 | AF25: =AD25/AE25 -> 0.15632741 | AG25: =AE25/AD25 -> 6.3968308 | AI25: =AVERAGEIF(D:D,W25,R:R) -> 13.944 | AJ25: =AVERAGEIF(D:D,W25,S:S) -> 3.465 | AK25: =AVERAGEIF(D:D,W25,T:T) -> 0.6812 | AL25: =AVERAGEIF(D:D,W25,U:U) -> 537.22222
A26: 4702 | B26: =VLOOKUP(A26,[1]Assign!$A:$D,4,FALSE) -> 566 | C26: 1 | D26: 212 | E26: =VLOOKUP(A26,[1]Assign!$A:$I,9,FALSE) -> 25% MDGS Variable | F26: =VLOOKUP(A26,'[1]Carcass '!$C$105:$D$397,2,FALSE) -> 805 | G26: =F26/0.63 -> 1277.7778 | H26: =(G26-B26)/196 -> 3.6315193 | I26: =VLOOKUP(D26,'[1]DMO head'!$A$2:$D$49,4,FALSE) -> 21.738936 | J26: =G26-B26 -> 711.77778 | L26: =VLOOKUP(A26,'[1]Carcass '!$C$10:$J$397,8,FALSE) -> C | M26: =COUNTIF(L26,"A") -> 0 | N26: =COUNTIF(L26,"A-") -> 0 | O26: =COUNTIF(L26,"A+") -> 0 | P26: =SUM(M26:O26) -> 0 | Q26: =COUNTIF(L26,"C") -> 1 | R26: =VLOOKUP(A26,'[1]Carcass '!$C$107:$E$399,3,FALSE) -> 14.4 | S26: =VLOOKUP(A26,'[1]Carcass '!$C$107:$F$399,4,FALSE) -> 2.8 | T26: =VLOOKUP(A26,'[1]Carcass '!$C$10:$G$397,5, FALSE) -> 0.43 | U26: =VLOOKUP(A26,'[1]Carcass '!$C$107:$I$399,7,FALSE) -> 350 | W26: 313 | X26: 2 | Y26: 5 | Z26: 25% MDGS Variable | AA26: =AVERAGEIF(D:D,W26,B:B) -> 627.3 | AB26: =AVERAGEIF(D:D,W26,F:F) -> 870 | AC26: =AVERAGEIF(D:D,W26,G:G) -> 1380.9524 | AD26: =AVERAGEIF(D:D,W26,H:H) -> 3.8451652 | AE26: =VLOOKUP(W26,'[1]DMO head'!$A$2:$D$49,4,FALSE) -> 23.480892 | AF26: =AD26/AE26 -> 0.1637572 | AG26: =AE26/AD26 -> 6.1066016 | AI26: =AVERAGEIF(D:D,W26,R:R) -> 13.596 | AJ26: =AVERAGEIF(D:D,W26,S:S) -> 3.935 | AK26: =AVERAGEIF(D:D,W26,T:T) -> 0.8396 | AL26: =AVERAGEIF(D:D,W26,U:U) -> 535.6
A27: 4328 | B27: =VLOOKUP(A27,[1]Assign!$A:$D,4,FALSE) -> 560 | C27: 1 | D27: 213 | E27: =VLOOKUP(A27,[1]Assign!$A:$I,9,FALSE) -> 10% MDGS Variable | F27: =VLOOKUP(A27,'[1]Carcass '!$C$105:$D$397,2,FALSE) -> 846 | G27: =F27/0.63 -> 1342.8571 | H27: =(G27-B27)/196 -> 3.9941691 | I27: =VLOOKUP(D27,'[1]DMO head'!$A$2:$D$49,4,FALSE) -> 22.955779 | J27: =G27-B27 -> 782.85714 | L27: =VLOOKUP(A27,'[1]Carcass '!$C$10:$J$397,8,FALSE) -> 0 | M27: =COUNTIF(L27,"A") -> 0 | N27: =COUNTIF(L27,"A-") -> 0 | O27: =COUNTIF(L27,"A+") -> 0 | P27: =SUM(M27:O27) -> 0 | Q27: =COUNTIF(L27,"C") -> 0 | R27: =VLOOKUP(A27,'[1]Carcass '!$C$107:$E$399,3,FALSE) -> 13 | S27: =VLOOKUP(A27,'[1]Carcass '!$C$107:$F$399,4,FALSE) -> 3.9 | T27: =VLOOKUP(A27,'[1]Carcass '!$C$10:$G$397,5, FALSE) -> 0.88 | U27: =VLOOKUP(A27,'[1]Carcass '!$C$107:$I$399,7,FALSE) -> 490 | W27: 314 | X27: 2 | Y27: 6 | Z27: 25% MDGS Variable | AA27: =AVERAGEIF(D:D,W27,B:B) -> 631.1 | AB27: =AVERAGEIF(D:D,W27,F:F) -> 862.7 | AC27: =AVERAGEIF(D:D,W27,G:G) -> 1387.3016 | AD27: =AVERAGEIF(D:D,W27,H:H) -> 3.8632167 | AE27: =VLOOKUP(W27,'[1]DMO head'!$A$2:$D$49,4,FALSE) -> 23.926712 | AF27: =AD27/AE27 -> 0.16146041 | AG27: =AE27/AD27 -> 6.1934689 | AI27: =AVERAGEIF(D:D,W27,R:R) -> 13.677 | AJ27: =AVERAGEIF(D:D,W27,S:S) -> 3.499 | AK27: =AVERAGEIF(D:D,W27,T:T) -> 0.674 | AL27: =AVERAGEIF(D:D,W27,U:U) -> 548.88889
A28: 4497 | B28: =VLOOKUP(A28,[1]Assign!$A:$D,4,FALSE) -> 557 | C28: 1 | D28: 214 | E28: =VLOOKUP(A28,[1]Assign!$A:$I,9,FALSE) -> 25% MDGS Constant | F28: =VLOOKUP(A28,'[1]Carcass '!$C$105:$D$397,2,FALSE) -> 793 | G28: =F28/0.63 -> 1258.7302 | H28: =(G28-B28)/196 -> 3.5802559 | I28: =VLOOKUP(D28,'[1]DMO head'!$A$2:$D$49,4,FALSE) -> 22.398785 | J28: =G28-B28 -> 701.73016 | L28: =VLOOKUP(A28,'[1]Carcass '!$C$10:$J$397,8,FALSE) -> 0 | M28: =COUNTIF(L28,"A") -> 0 | N28: =COUNTIF(L28,"A-") -> 0 | O28: =COUNTIF(L28,"A+") -> 0 | P28: =SUM(M28:O28) -> 0 | Q28: =COUNTIF(L28,"C") -> 0 | R28: =VLOOKUP(A28,'[1]Carcass '!$C$107:$E$399,3,FALSE) -> 13.8 | S28: =VLOOKUP(A28,'[1]Carcass '!$C$107:$F$399,4,FALSE) -> 3.4 | T28: =VLOOKUP(A28,'[1]Carcass '!$C$10:$G$397,5, FALSE) -> 0.64 | U28: =VLOOKUP(A28,'[1]Carcass '!$C$107:$I$399,7,FALSE) -> 601 | W28: 315 | X28: 2 | Y28: 6 | Z28: 25% MDGS Constant | AA28: =AVERAGEIF(D:D,W28,B:B) -> 622.9 | AB28: =AVERAGEIF(D:D,W28,F:F) -> 863.5 | AC28: =AVERAGEIF(D:D,W28,G:G) -> 1382.1869 | AD28: =AVERAGEIF(D:D,W28,H:H) -> 3.8580967 | AE28: =VLOOKUP(W28,'[1]DMO head'!$A$2:$D$49,4,FALSE) -> 23.39279 | AF28: =AD28/AE28 -> 0.16492674 | AG28: =AE28/AD28 -> 6.0632981 | AI28: =AVERAGEIF(D:D,W28,R:R) -> 14.375 | AJ28: =AVERAGEIF(D:D,W28,S:S) -> 3.53 | AK28: =AVERAGEIF(D:D,W28,T:T) -> 0.65533333 | AL28: =AVERAGEIF(D:D,W28,U:U) -> 587.55556
A29: 4501 | B29: =VLOOKUP(A29,[1]Assign!$A:$D,4,FALSE) -> 573 | C29: 1 | D29: 205 | E29: =VLOOKUP(A29,[1]Assign!$A:$I,9,FALSE) -> 10% MDGS Constant | F29: =VLOOKUP(A29,'[1]Carcass '!$C$105:$D$397,2,FALSE) -> 750 | G29: =F29/0.63 -> 1190.4762 | H29: =(G29-B29)/196 -> 3.1503887 | I29: =VLOOKUP(D29,'[1]DMO head'!$A$2:$D$49,4,FALSE) -> 21.582642 | J29: =G29-B29 -> 617.47619 | L29: =VLOOKUP(A29,'[1]Carcass '!$C$10:$J$397,8,FALSE) -> A- | M29: =COUNTIF(L29,"A") -> 0 | N29: =COUNTIF(L29,"A-") -> 1 | O29: =COUNTIF(L29,"A+") -> 0 | P29: =SUM(M29:O29) -> 1 | Q29: =COUNTIF(L29,"C") -> 0 | R29: =VLOOKUP(A29,'[1]Carcass '!$C$107:$E$399,3,FALSE) -> 13.8 | S29: =VLOOKUP(A29,'[1]Carcass '!$C$107:$F$399,4,FALSE) -> 2.7 | T29: =VLOOKUP(A29,'[1]Carcass '!$C$10:$G$397,5, FALSE) -> 0.296 | U29: =VLOOKUP(A29,'[1]Carcass '!$C$107:$I$399,7,FALSE) -> 448 | W29: 316 | X29: 2 | Y29: 6 | Z29: 10% MDGS Constant | AA29: =AVERAGEIF(D:D,W29,B:B) -> 626.9 | AB29: =AVERAGEIF(D:D,W29,F:F) -> 857.4 | AC29: =AVERAGEIF(D:D,W29,G:G) -> 1360.9524 | AD29: =AVERAGEIF(D:D,W29,H:H) -> 3.7451652 | AE29: =VLOOKUP(W29,'[1]DMO head'!$A$2:$D$49,4,FALSE) -> 23.276936 | AF29: =AD29/AE29 -> 0.16089597 | AG29: =AE29/AD29 -> 6.2151961 | AI29: =AVERAGEIF(D:D,W29,R:R) -> 13.481111 | AJ29: =AVERAGEIF(D:D,W29,S:S) -> 3.4611111 | AK29: =AVERAGEIF(D:D,W29,T:T) -> 0.68342857 | AL29: =AVERAGEIF(D:D,W29,U:U) -> 592
A30: 4361 | B30: =VLOOKUP(A30,[1]Assign!$A:$D,4,FALSE) -> 581 | C30: 1 | D30: 206 | E30: =VLOOKUP(A30,[1]Assign!$A:$I,9,FALSE) -> 10% MDGS Variable | F30: =VLOOKUP(A30,'[1]Carcass '!$C$105:$D$397,2,FALSE) -> 743 | G30: . | H30: . | I30: =VLOOKUP(D30,'[1]DMO head'!$A$2:$D$49,4,FALSE) -> 20.595227 | J30: . | L30: =VLOOKUP(A30,'[1]Carcass '!$C$10:$J$397,8,FALSE) -> A- | M30: =COUNTIF(L30,"A") -> 0 | N30: =COUNTIF(L30,"A-") -> 1 | O30: =COUNTIF(L30,"A+") -> 0 | P30: =SUM(M30:O30) -> 1 | Q30: =COUNTIF(L30,"C") -> 0 | R30: =VLOOKUP(A30,'[1]Carcass '!$C$107:$E$399,3,FALSE) -> 13.57 | S30: =VLOOKUP(A30,'[1]Carcass '!$C$107:$F$399,4,FALSE) -> 3.26 | W30: 317 | X30: 2 | Y30: 6 | Z30: Control | AA30: =AVERAGEIF(D:D,W30,B:B) -> 625.77778 | AB30: =AVERAGEIF(D:D,W30,F:F) -> 826.88889 | AC30: =AVERAGEIF(D:D,W30,G:G) -> 1312.522 | AD30: =AVERAGEIF(D:D,W30,H:H) -> 3.5037973 | AE30: =VLOOKUP(W30,'[1]DMO head'!$A$2:$D$49,4,FALSE) -> 23.188136 | AF30: =AD30/AE30 -> 0.15110301 | AG30: =AE30/AD30 -> 6.6180017 | AI30: =AVERAGEIF(D:D,W30,R:R) -> 13.404444 | AJ30: =AVERAGEIF(D:D,W30,S:S) -> 3.31875 | AK30: =AVERAGEIF(D:D,W30,T:T) -> 0.642 | AL30: =AVERAGEIF(D:D,W30,U:U) -> 504.125
A31: 4469 | B31: =VLOOKUP(A31,[1]Assign!$A:$D,4,FALSE) -> 570 | C31: 1 | D31: 207 | E31: =VLOOKUP(A31,[1]Assign!$A:$I,9,FALSE) -> Control | F31: =VLOOKUP(A31,'[1]Carcass '!$C$105:$D$397,2,FALSE) -> 769 | G31: =F31/0.63 -> 1220.6349 | H31: =(G31-B31)/196 -> 3.3195659 | I31: =VLOOKUP(D31,'[1]DMO head'!$A$2:$D$49,4,FALSE) -> 21.495747 | J31: =G31-B31 -> 650.63492 | L31: =VLOOKUP(A31,'[1]Carcass '!$C$10:$J$397,8,FALSE) -> 0 | M31: =COUNTIF(L31,"A") -> 0 | N31: =COUNTIF(L31,"A-") -> 0 | O31: =COUNTIF(L31,"A+") -> 0 | P31: =SUM(M31:O31) -> 0 | Q31: =COUNTIF(L31,"C") -> 0 | R31: =VLOOKUP(A31,'[1]Carcass '!$C$107:$E$399,3,FALSE) -> 13.1 | S31: =VLOOKUP(A31,'[1]Carcass '!$C$107:$F$399,4,FALSE) -> 3.2 | T31: =VLOOKUP(A31,'[1]Carcass '!$C$10:$G$397,5, FALSE) -> 0.56 | U31: =VLOOKUP(A31,'[1]Carcass '!$C$107:$I$399,7,FALSE) -> 522 | W31: 318 | X31: 2 | Y31: 6 | Z31: 10% MDGS Variable | AA31: =AVERAGEIF(D:D,W31,B:B) -> 628.5 | AB31: =AVERAGEIF(D:D,W31,F:F) -> 834.8 | AC31: =AVERAGEIF(D:D,W31,G:G) -> 1306.8783 | AD31: =AVERAGEIF(D:D,W31,H:H) -> 3.4693338 | AE31: =VLOOKUP(W31,'[1]DMO head'!$A$2:$D$49,4,FALSE) -> 23.479165 | AF31: =AD31/AE31 -> 0.14776223 | AG31: =AE31/AD31 -> 6.7676293 | AI31: =AVERAGEIF(D:D,W31,R:R) -> 14.247 | AJ31: =AVERAGEIF(D:D,W31,S:S) -> 3.355 | AK31: =AVERAGEIF(D:D,W31,T:T) -> 0.6466 | AL31: =AVERAGEIF(D:D,W31,U:U) -> 571.9
A32: 4486 | B32: =VLOOKUP(A32,[1]Assign!$A:$D,4,FALSE) -> 577 | C32: 1 | D32: 208 | E32: =VLOOKUP(A32,[1]Assign!$A:$I,9,FALSE) -> 25% MDGS Variable | F32: =VLOOKUP(A32,'[1]Carcass '!$C$105:$D$397,2,FALSE) -> 823 | G32: =F32/0.63 -> 1306.3492 | H32: =(G32-B32)/196 -> 3.7211694 | I32: =VLOOKUP(D32,'[1]DMO head'!$A$2:$D$49,4,FALSE) -> 22.923741 | J32: =G32-B32 -> 729.34921 | L32: =VLOOKUP(A32,'[1]Carcass '!$C$10:$J$397,8,FALSE) -> 0 | M32: =COUNTIF(L32,"A") -> 0 | N32: =COUNTIF(L32,"A-") -> 0 | O32: =COUNTIF(L32,"A+") -> 0 | P32: =SUM(M32:O32) -> 0 | Q32: =COUNTIF(L32,"C") -> 0 | R32: =VLOOKUP(A32,'[1]Carcass '!$C$107:$E$399,3,FALSE) -> 13.85 | S32: =VLOOKUP(A32,'[1]Carcass '!$C$107:$F$399,4,FALSE) -> 3.3 | T32: =VLOOKUP(A32,'[1]Carcass '!$C$10:$G$397,5, FALSE) -> 0.63 | U32: =VLOOKUP(A32,'[1]Carcass '!$C$107:$I$399,7,FALSE) -> 585 | W32: 405 | X32: 3 | Y32: 7 | Z32: 10% MDGS Variable | AA32: =AVERAGEIF(D:D,W32,B:B) -> 695.6 | AB32: =AVERAGEIF(D:D,W32,F:F) -> 851.8 | AC32: =AVERAGEIF(D:D,W32,G:G) -> 1352.0635 | AD32: =AVERAGEIF(D:D,W32,H:H) -> 3.6069423 | AE32: =AVERAGEIF(D:D,W32,I:I) -> 23.841123 | AF32: =AD32/AE32 -> 0.15129079 | AG32: =AE32/AD32 -> 6.6097879 | AI32: =AVERAGEIF(D:D,W32,R:R) -> 13.568889 | AJ32: =AVERAGEIF(D:D,W32,S:S) -> 3.325 | AK32: =AVERAGEIF(D:D,W32,T:T) -> 0.582 | AL32: =AVERAGEIF(D:D,W32,U:U) -> 564.77778
A33: 4425 | B33: =VLOOKUP(A33,[1]Assign!$A:$D,4,FALSE) -> 575 | C33: 1 | D33: 209 | E33: =VLOOKUP(A33,[1]Assign!$A:$I,9,FALSE) -> 25% MDGS Constant | F33: =VLOOKUP(A33,'[1]Carcass '!$C$105:$D$397,2,FALSE) -> 707 | G33: =F33/0.63 -> 1122.2222 | H33: =(G33-B33)/196 -> 2.7919501 | I33: =VLOOKUP(D33,'[1]DMO head'!$A$2:$D$49,4,FALSE) -> 21.321409 | J33: =G33-B33 -> 547.22222 | L33: =VLOOKUP(A33,'[1]Carcass '!$C$10:$J$397,8,FALSE) -> 0 | M33: =COUNTIF(L33,"A") -> 0 | N33: =COUNTIF(L33,"A-") -> 0 | O33: =COUNTIF(L33,"A+") -> 0 | P33: =SUM(M33:O33) -> 0 | Q33: =COUNTIF(L33,"C") -> 0 | R33: =VLOOKUP(A33,'[1]Carcass '!$C$107:$E$399,3,FALSE) -> 13.7 | S33: =VLOOKUP(A33,'[1]Carcass '!$C$107:$F$399,4,FALSE) -> 3.2 | T33: =VLOOKUP(A33,'[1]Carcass '!$C$10:$G$397,5, FALSE) -> 0.54 | U33: =VLOOKUP(A33,'[1]Carcass '!$C$107:$I$399,7,FALSE) -> 487 | W33: 406 | X33: 3 | Y33: 7 | Z33: 10% MDGS Constant | AA33: =AVERAGEIF(D:D,W33,B:B) -> 702.7 | AB33: =AVERAGEIF(D:D,W33,F:F) -> 878.6 | AC33: =AVERAGEIF(D:D,W33,G:G) -> 1394.6032 | AD33: =AVERAGEIF(D:D,W33,H:H) -> 3.8016658 | AE33: =AVERAGEIF(D:D,W33,I:I) -> 24.456725 | AF33: =AD33/AE33 -> 0.1554446 | AG33: =AE33/AD33 -> 6.4331603 | AI33: =AVERAGEIF(D:D,W33,R:R) -> 13.7375 | AJ33: =AVERAGEIF(D:D,W33,S:S) -> 3.49875 | AK33: =AVERAGEIF(D:D,W33,T:T) -> 0.6605 | AL33: =AVERAGEIF(D:D,W33,U:U) -> 523.22222
A34: 4546 | B34: =VLOOKUP(A34,[1]Assign!$A:$D,4,FALSE) -> 573 | C34: 1 | D34: 210 | E34: =VLOOKUP(A34,[1]Assign!$A:$I,9,FALSE) -> 10% MDGS Constant | F34: =VLOOKUP(A34,'[1]Carcass '!$C$105:$D$397,2,FALSE) -> 778 | G34: =F34/0.63 -> 1234.9206 | H34: =(G34-B34)/196 -> 3.3771461 | I34: =VLOOKUP(D34,'[1]DMO head'!$A$2:$D$49,4,FALSE) -> 19.910352 | J34: =G34-B34 -> 661.92063 | L34: =VLOOKUP(A34,'[1]Carcass '!$C$10:$J$397,8,FALSE) -> 0 | M34: =COUNTIF(L34,"A") -> 0 | N34: =COUNTIF(L34,"A-") -> 0 | O34: =COUNTIF(L34,"A+") -> 0 | P34: =SUM(M34:O34) -> 0 | Q34: =COUNTIF(L34,"C") -> 0 | R34: =VLOOKUP(A34,'[1]Carcass '!$C$107:$E$399,3,FALSE) -> 15.3 | S34: =VLOOKUP(A34,'[1]Carcass '!$C$107:$F$399,4,FALSE) -> 3.6 | T34: =VLOOKUP(A34,'[1]Carcass '!$C$10:$G$397,5, FALSE) -> 0.64 | U34: =VLOOKUP(A34,'[1]Carcass '!$C$107:$I$399,7,FALSE) -> 628 | W34: 407 | X34: 3 | Y34: 7 | Z34: 25% MDGS Variable | AA34: =AVERAGEIF(D:D,W34,B:B) -> 699.8 | AB34: =AVERAGEIF(D:D,W34,F:F) -> 848.6 | AC34: =AVERAGEIF(D:D,W34,G:G) -> 1346.9841 | AD34: =AVERAGEIF(D:D,W34,H:H) -> 3.5559567 | AE34: =AVERAGEIF(D:D,W34,I:I) -> 22.840113 | AF34: =AD34/AE34 -> 0.1556891 | AG34: =AE34/AD34 -> 6.4230571 | AI34: =AVERAGEIF(D:D,W34,R:R) -> 13.297778 | AJ34: =AVERAGEIF(D:D,W34,S:S) -> 3.4255556 | AK34: =AVERAGEIF(D:D,W34,T:T) -> 0.61422222 | AL34: =AVERAGEIF(D:D,W34,U:U) -> 507.44444
A35: 4716 | B35: =VLOOKUP(A35,[1]Assign!$A:$D,4,FALSE) -> 558 | C35: 1 | D35: 211 | E35: =VLOOKUP(A35,[1]Assign!$A:$I,9,FALSE) -> Control | F35: =VLOOKUP(A35,'[1]Carcass '!$C$105:$D$397,2,FALSE) -> 765 | G35: =F35/0.63 -> 1214.2857 | H35: =(G35-B35)/196 -> 3.3483965 | I35: =VLOOKUP(D35,'[1]DMO head'!$A$2:$D$49,4,FALSE) -> 19.728558 | J35: =G35-B35 -> 656.28571 | L35: =VLOOKUP(A35,'[1]Carcass '!$C$10:$J$397,8,FALSE) -> 0 | M35: =COUNTIF(L35,"A") -> 0 | N35: =COUNTIF(L35,"A-") -> 0 | O35: =COUNTIF(L35,"A+") -> 0 | P35: =SUM(M35:O35) -> 0 | Q35: =COUNTIF(L35,"C") -> 0 | R35: =VLOOKUP(A35,'[1]Carcass '!$C$107:$E$399,3,FALSE) -> 14.2 | S35: =VLOOKUP(A35,'[1]Carcass '!$C$107:$F$399,4,FALSE) -> 3 | T35: =VLOOKUP(A35,'[1]Carcass '!$C$10:$G$397,5, FALSE) -> 0.47 | U35: =VLOOKUP(A35,'[1]Carcass '!$C$107:$I$399,7,FALSE) -> 570 | W35: 408 | X35: 3 | Y35: 7 | Z35: Control | AA35: =AVERAGEIF(D:D,W35,B:B) -> 697.6 | AB35: =AVERAGEIF(D:D,W35,F:F) -> 840.6 | AC35: =AVERAGEIF(D:D,W35,G:G) -> 1334.2857 | AD35: =AVERAGEIF(D:D,W35,H:H) -> 3.4982732 | AE35: =AVERAGEIF(D:D,W35,I:I) -> 22.630294 | AF35: =AD35/AE35 -> 0.15458364 | AG35: =AE35/AD35 -> 6.46899 | AI35: =AVERAGEIF(D:D,W35,R:R) -> 13.608 | AJ35: =AVERAGEIF(D:D,W35,S:S) -> 3.358 | AK35: =AVERAGEIF(D:D,W35,T:T) -> 0.6756 | AL35: =AVERAGEIF(D:D,W35,U:U) -> 570.75
A36: 4653 | B36: =VLOOKUP(A36,[1]Assign!$A:$D,4,FALSE) -> 567 | C36: 1 | D36: 212 | E36: =VLOOKUP(A36,[1]Assign!$A:$I,9,FALSE) -> 25% MDGS Variable | F36: =VLOOKUP(A36,'[1]Carcass '!$C$105:$D$397,2,FALSE) -> 709 | G36: =F36/0.63 -> 1125.3968 | H36: =(G36-B36)/196 -> 2.8489634 | I36: =VLOOKUP(D36,'[1]DMO head'!$A$2:$D$49,4,FALSE) -> 21.738936 | J36: =G36-B36 -> 558.39683 | L36: 0 | M36: =COUNTIF(L36,"A") -> 0 | N36: =COUNTIF(L36,"A-") -> 0 | O36: =COUNTIF(L36,"A+") -> 0 | P36: =SUM(M36:O36) -> 0 | Q36: =COUNTIF(L36,"C") -> 0 | R36: =VLOOKUP(A36,'[1]Carcass '!$C$107:$E$399,3,FALSE) -> 12.57 | S36: =VLOOKUP(A36,'[1]Carcass '!$C$107:$F$399,4,FALSE) -> 2.5 | T36: =VLOOKUP(A36,'[1]Carcass '!$C$10:$G$397,5, FALSE) -> 0.292 | U36: =VLOOKUP(A36,'[1]Carcass '!$C$107:$I$399,7,FALSE) -> 517 | W36: 409 | X36: 3 | Y36: 7 | Z36: 25% MDGS Constant | AA36: =AVERAGEIF(D:D,W36,B:B) -> 692.9 | AB36: =AVERAGEIF(D:D,W36,F:F) -> 910.7 | AC36: =AVERAGEIF(D:D,W36,G:G) -> 1445.5556 | AD36: =AVERAGEIF(D:D,W36,H:H) -> 4.1354701 | AE36: =AVERAGEIF(D:D,W36,I:I) -> 25.08752 | AF36: =AD36/AE36 -> 0.16484172 | AG36: =AE36/AD36 -> 6.0664253 | AI36: =AVERAGEIF(D:D,W36,R:R) -> 14.443 | AJ36: =AVERAGEIF(D:D,W36,S:S) -> 3.862 | AK36: =AVERAGEIF(D:D,W36,T:T) -> 0.808 | AL36: =AVERAGEIF(D:D,W36,U:U) -> 594.1
A37: 4772 | B37: =VLOOKUP(A37,[1]Assign!$A:$D,4,FALSE) -> 568 | C37: 1 | D37: 213 | E37: =VLOOKUP(A37,[1]Assign!$A:$I,9,FALSE) -> 10% MDGS Variable | F37: =VLOOKUP(A37,'[1]Carcass '!$C$105:$D$397,2,FALSE) -> 860 | G37: =F37/0.63 -> 1365.0794 | H37: =(G37-B37)/196 -> 4.0667315 | I37: =VLOOKUP(D37,'[1]DMO head'!$A$2:$D$49,4,FALSE) -> 22.955779 | J37: =G37-B37 -> 797.07937 | L37: =VLOOKUP(A37,'[1]Carcass '!$C$10:$J$397,8,FALSE) -> 0 | M37: =COUNTIF(L37,"A") -> 0 | N37: =COUNTIF(L37,"A-") -> 0 | O37: =COUNTIF(L37,"A+") -> 0 | P37: =SUM(M37:O37) -> 0 | Q37: =COUNTIF(L37,"C") -> 0 | R37: =VLOOKUP(A37,'[1]Carcass '!$C$107:$E$399,3,FALSE) -> 16.8 | S37: =VLOOKUP(A37,'[1]Carcass '!$C$107:$F$399,4,FALSE) -> 2.92 | T37: =VLOOKUP(A37,'[1]Carcass '!$C$10:$G$397,5, FALSE) -> 0.456 | U37: =VLOOKUP(A37,'[1]Carcass '!$C$107:$I$399,7,FALSE) -> 368 | W37: 410 | X37: 3 | Y37: 8 | Z37: 25% MDGS Variable | AA37: =AVERAGEIF(D:D,W37,B:B) -> 699.8 | AB37: =AVERAGEIF(D:D,W37,F:F) -> 862.7 | AC37: =AVERAGEIF(D:D,W37,G:G) -> 1369.3651 | AD37: =AVERAGEIF(D:D,W37,H:H) -> 3.678929 | AE37: =AVERAGEIF(D:D,W37,I:I) -> 23.11023 | AF37: =AD37/AE37 -> 0.1591905 | AG37: =AE37/AD37 -> 6.281782 | AI37: =AVERAGEIF(D:D,W37,R:R) -> 13.653333 | AJ37: =AVERAGEIF(D:D,W37,S:S) -> 3.48 | AK37: =AVERAGEIF(D:D,W37,T:T) -> 0.65755556 | AL37: =AVERAGEIF(D:D,W37,U:U) -> 622.22222
A38: 4450 | B38: =VLOOKUP(A38,[1]Assign!$A:$D,4,FALSE) -> 570 | C38: 1 | D38: 214 | E38: =VLOOKUP(A38,[1]Assign!$A:$I,9,FALSE) -> 25% MDGS Constant | F38: =VLOOKUP(A38,'[1]Carcass '!$C$105:$D$397,2,FALSE) -> 773 | G38: =F38/0.63 -> 1226.9841 | H38: =(G38-B38)/196 -> 3.3519598 | I38: =VLOOKUP(D38,'[1]DMO head'!$A$2:$D$49,4,FALSE) -> 22.398785 | J38: =G38-B38 -> 656.98413 | L38: =VLOOKUP(A38,'[1]Carcass '!$C$10:$J$397,8,FALSE) -> A | M38: =COUNTIF(L38,"A") -> 1 | N38: =COUNTIF(L38,"A-") -> 0 | O38: =COUNTIF(L38,"A+") -> 0 | P38: =SUM(M38:O38) -> 1 | Q38: =COUNTIF(L38,"C") -> 0 | R38: =VLOOKUP(A38,'[1]Carcass '!$C$107:$E$399,3,FALSE) -> 11.9 | S38: =VLOOKUP(A38,'[1]Carcass '!$C$107:$F$399,4,FALSE) -> 3.8 | T38: =VLOOKUP(A38,'[1]Carcass '!$C$10:$G$397,5, FALSE) -> 0.72 | U38: =VLOOKUP(A38,'[1]Carcass '!$C$107:$I$399,7,FALSE) -> 430 | W38: 411 | X38: 3 | Y38: 8 | Z38: 10% MDGS Constant | AA38: =AVERAGEIF(D:D,W38,B:B) -> 700.11111 | AB38: =AVERAGEIF(D:D,W38,F:F) -> 876 | AC38: =AVERAGEIF(D:D,W38,G:G) -> 1390.4762 | AD38: =AVERAGEIF(D:D,W38,H:H) -> 3.7932147 | AE38: =AVERAGEIF(D:D,W38,I:I) -> 23.277453 | AF38: =AD38/AE38 -> 0.1629566 | AG38: =AE38/AD38 -> 6.1366031 | AI38: =AVERAGEIF(D:D,W38,R:R) -> 13.64625 | AJ38: =AVERAGEIF(D:D,W38,S:S) -> 3.51 | AK38: =AVERAGEIF(D:D,W38,T:T) -> 0.6565 | AL38: =AVERAGEIF(D:D,W38,U:U) -> 597
A39: 4578 | B39: =VLOOKUP(A39,[1]Assign!$A:$D,4,FALSE) -> 573 | C39: 1 | D39: 205 | E39: =VLOOKUP(A39,[1]Assign!$A:$I,9,FALSE) -> 10% MDGS Constant | F39: =VLOOKUP(A39,'[1]Carcass '!$C$105:$D$397,2,FALSE) -> 878 | G39: =F39/0.63 -> 1393.6508 | H39: =(G39-B39)/196 -> 4.1869938 | I39: =VLOOKUP(D39,'[1]DMO head'!$A$2:$D$49,4,FALSE) -> 21.582642 | J39: =G39-B39 -> 820.65079 | L39: =VLOOKUP(A39,'[1]Carcass '!$C$10:$J$397,8,FALSE) -> A- | M39: =COUNTIF(L39,"A") -> 0 | N39: =COUNTIF(L39,"A-") -> 1 | O39: =COUNTIF(L39,"A+") -> 0 | P39: =SUM(M39:O39) -> 1 | Q39: =COUNTIF(L39,"C") -> 0 | R39: =VLOOKUP(A39,'[1]Carcass '!$C$107:$E$399,3,FALSE) -> 15.7 | S39: =VLOOKUP(A39,'[1]Carcass '!$C$107:$F$399,4,FALSE) -> 3.1 | T39: =VLOOKUP(A39,'[1]Carcass '!$C$10:$G$397,5, FALSE) -> 0.48 | U39: =VLOOKUP(A39,'[1]Carcass '!$C$107:$I$399,7,FALSE) -> 428 | W39: 412 | X39: 3 | Y39: 8 | Z39: Control | AA39: =AVERAGEIF(D:D,W39,B:B) -> 697 | AB39: =AVERAGEIF(D:D,W39,F:F) -> 834.125 | AC39: =AVERAGEIF(D:D,W39,G:G) -> 1324.0079 | AD39: =AVERAGEIF(D:D,W39,H:H) -> 3.4450986 | AE39: =AVERAGEIF(D:D,W39,I:I) -> 23.149248 | AF39: =AD39/AE39 -> 0.14882118 | AG39: =AE39/AD39 -> 6.7194735 | AI39: =AVERAGEIF(D:D,W39,R:R) -> 13.30875 | AJ39: =AVERAGEIF(D:D,W39,S:S) -> 3.335 | AK39: =AVERAGEIF(D:D,W39,T:T) -> 0.593 | AL39: =AVERAGEIF(D:D,W39,U:U) -> 500.28571
A40: 4407 | B40: =VLOOKUP(A40,[1]Assign!$A:$D,4,FALSE) -> 574 | C40: 1 | D40: 206 | E40: =VLOOKUP(A40,[1]Assign!$A:$I,9,FALSE) -> 10% MDGS Variable | F40: =VLOOKUP(A40,'[1]Carcass '!$C$105:$D$397,2,FALSE) -> 828 | G40: =F40/0.63 -> 1314.2857 | H40: =(G40-B40)/196 -> 3.7769679 | I40: =VLOOKUP(D40,'[1]DMO head'!$A$2:$D$49,4,FALSE) -> 20.595227 | J40: =G40-B40 -> 740.28571 | L40: =VLOOKUP(A40,'[1]Carcass '!$C$10:$J$397,8,FALSE) -> C | M40: =COUNTIF(L40,"A") -> 0 | N40: =COUNTIF(L40,"A-") -> 0 | O40: =COUNTIF(L40,"A+") -> 0 | P40: =SUM(M40:O40) -> 0 | Q40: =COUNTIF(L40,"C") -> 1 | R40: =VLOOKUP(A40,'[1]Carcass '!$C$107:$E$399,3,FALSE) -> 14.5 | S40: =VLOOKUP(A40,'[1]Carcass '!$C$107:$F$399,4,FALSE) -> 3.44 | T40: =VLOOKUP(A40,'[1]Carcass '!$C$10:$G$397,5, FALSE) -> 0.664 | U40: =VLOOKUP(A40,'[1]Carcass '!$C$107:$I$399,7,FALSE) -> 714 | W40: 413 | X40: 3 | Y40: 8 | Z40: 25% MDGS Constant | AA40: =AVERAGEIF(D:D,W40,B:B) -> 695.22222 | AB40: =AVERAGEIF(D:D,W40,F:F) -> 870.77778 | AC40: =AVERAGEIF(D:D,W40,G:G) -> 1382.1869 | AD40: =AVERAGEIF(D:D,W40,H:H) -> 3.7745315 | AE40: =AVERAGEIF(D:D,W40,I:I) -> 24.396522 | AF40: =AD40/AE40 -> 0.15471596 | AG40: =AE40/AD40 -> 6.4634571 | AI40: =AVERAGEIF(D:D,W40,R:R) -> 13.7575 | AJ40: =AVERAGEIF(D:D,W40,S:S) -> 3.64375 | AK40: =AVERAGEIF(D:D,W40,T:T) -> 0.71 | AL40: =AVERAGEIF(D:D,W40,U:U) -> 516.85714
A41: 4341 | B41: =VLOOKUP(A41,[1]Assign!$A:$D,4,FALSE) -> 579 | C41: 1 | D41: 207 | E41: =VLOOKUP(A41,[1]Assign!$A:$I,9,FALSE) -> Control | F41: =VLOOKUP(A41,'[1]Carcass '!$C$105:$D$397,2,FALSE) -> 814 | G41: =F41/0.63 -> 1292.0635 | H41: =(G41-B41)/196 -> 3.638079 | I41: =VLOOKUP(D41,'[1]DMO head'!$A$2:$D$49,4,FALSE) -> 21.495747 | J41: =G41-B41 -> 713.06349 | L41: =VLOOKUP(A41,'[1]Carcass '!$C$10:$J$397,8,FALSE) -> 0 | M41: =COUNTIF(L41,"A") -> 0 | N41: =COUNTIF(L41,"A-") -> 0 | O41: =COUNTIF(L41,"A+") -> 0 | P41: =SUM(M41:O41) -> 0 | Q41: =COUNTIF(L41,"C") -> 0 | R41: =VLOOKUP(A41,'[1]Carcass '!$C$107:$E$399,3,FALSE) -> 12.9 | S41: =VLOOKUP(A41,'[1]Carcass '!$C$107:$F$399,4,FALSE) -> 3.4 | T41: =VLOOKUP(A41,'[1]Carcass '!$C$10:$G$397,5, FALSE) -> 0.56 | U41: =VLOOKUP(A41,'[1]Carcass '!$C$107:$I$399,7,FALSE) -> 431 | W41: 414 | X41: 3 | Y41: 8 | Z41: 10% MDGS Variable | AA41: =AVERAGEIF(D:D,W41,B:B) -> 695.2 | AB41: =AVERAGEIF(D:D,W41,F:F) -> 850.7 | AC41: =AVERAGEIF(D:D,W41,G:G) -> 1350.3175 | AD41: =AVERAGEIF(D:D,W41,H:H) -> 3.5995465 | AE41: =AVERAGEIF(D:D,W41,I:I) -> 24.652028 | AF41: =AD41/AE41 -> 0.14601421 | AG41: =AE41/AD41 -> 6.8486483 | AI41: =AVERAGEIF(D:D,W41,R:R) -> 13.082222 | AJ41: =AVERAGEIF(D:D,W41,S:S) -> 3.79 | AK41: =AVERAGEIF(D:D,W41,T:T) -> 0.7955 | AL41: =AVERAGEIF(D:D,W41,U:U) -> 630.125
A42: 4503 | B42: =VLOOKUP(A42,[1]Assign!$A:$D,4,FALSE) -> 575 | C42: 1 | D42: 208 | E42: =VLOOKUP(A42,[1]Assign!$A:$I,9,FALSE) -> 25% MDGS Variable | F42: =VLOOKUP(A42,'[1]Carcass '!$C$105:$D$397,2,FALSE) -> 828 | G42: =F42/0.63 -> 1314.2857 | H42: =(G42-B42)/196 -> 3.7718659 | I42: =VLOOKUP(D42,'[1]DMO head'!$A$2:$D$49,4,FALSE) -> 22.923741 | J42: =G42-B42 -> 739.28571 | L42: =VLOOKUP(A42,'[1]Carcass '!$C$10:$J$397,8,FALSE) -> 0 | M42: =COUNTIF(L42,"A") -> 0 | N42: =COUNTIF(L42,"A-") -> 0 | O42: =COUNTIF(L42,"A+") -> 0 | P42: =SUM(M42:O42) -> 0 | Q42: =COUNTIF(L42,"C") -> 0 | R42: =VLOOKUP(A42,'[1]Carcass '!$C$107:$E$399,3,FALSE) -> 15.1 | S42: =VLOOKUP(A42,'[1]Carcass '!$C$107:$F$399,4,FALSE) -> 3.5 | T42: =VLOOKUP(A42,'[1]Carcass '!$C$10:$G$397,5, FALSE) -> 0.61 | U42: =VLOOKUP(A42,'[1]Carcass '!$C$107:$I$399,7,FALSE) -> 653
A43: 4518 | B43: =VLOOKUP(A43,[1]Assign!$A:$D,4,FALSE) -> 569 | C43: 1 | D43: 209 | E43: =VLOOKUP(A43,[1]Assign!$A:$I,9,FALSE) -> 25% MDGS Constant | F43: =VLOOKUP(A43,'[1]Carcass '!$C$105:$D$397,2,FALSE) -> 685 | G43: =F43/0.63 -> 1087.3016 | H43: =(G43-B43)/196 -> 2.6443959 | I43: =VLOOKUP(D43,'[1]DMO head'!$A$2:$D$49,4,FALSE) -> 21.321409 | J43: =G43-B43 -> 518.30159 | L43: =VLOOKUP(A43,'[1]Carcass '!$C$10:$J$397,8,FALSE) -> 0 | M43: =COUNTIF(L43,"A") -> 0 | N43: =COUNTIF(L43,"A-") -> 0 | O43: =COUNTIF(L43,"A+") -> 0 | P43: =SUM(M43:O43) -> 0 | Q43: =COUNTIF(L43,"C") -> 0 | R43: =VLOOKUP(A43,'[1]Carcass '!$C$107:$E$399,3,FALSE) -> 12.6 | S43: =VLOOKUP(A43,'[1]Carcass '!$C$107:$F$399,4,FALSE) -> 3.4 | T43: =VLOOKUP(A43,'[1]Carcass '!$C$10:$G$397,5, FALSE) -> 0.6 | U43: =VLOOKUP(A43,'[1]Carcass '!$C$107:$I$399,7,FALSE) -> 466
A44: 4613 | B44: =VLOOKUP(A44,[1]Assign!$A:$D,4,FALSE) -> 575.5 | C44: 1 | D44: 210 | E44: =VLOOKUP(A44,[1]Assign!$A:$I,9,FALSE) -> 10% MDGS Constant | F44: =VLOOKUP(A44,'[1]Carcass '!$C$105:$D$397,2,FALSE) -> 869 | G44: =F44/0.63 -> 1379.3651 | H44: =(G44-B44)/196 -> 4.1013524 | I44: =VLOOKUP(D44,'[1]DMO head'!$A$2:$D$49,4,FALSE) -> 19.910352 | J44: =G44-B44 -> 803.86508 | L44: =VLOOKUP(A44,'[1]Carcass '!$C$10:$J$397,8,FALSE) -> 0 | M44: =COUNTIF(L44,"A") -> 0 | N44: =COUNTIF(L44,"A-") -> 0 | O44: =COUNTIF(L44,"A+") -> 0 | P44: =SUM(M44:O44) -> 0 | Q44: =COUNTIF(L44,"C") -> 0 | R44: =VLOOKUP(A44,'[1]Carcass '!$C$107:$E$399,3,FALSE) -> 15 | S44: =VLOOKUP(A44,'[1]Carcass '!$C$107:$F$399,4,FALSE) -> 3.51 | T44: =VLOOKUP(A44,'[1]Carcass '!$C$10:$G$397,5, FALSE) -> 0.684 | U44: =VLOOKUP(A44,'[1]Carcass '!$C$107:$I$399,7,FALSE) -> 476
A45: 4316 | B45: =VLOOKUP(A45,[1]Assign!$A:$D,4,FALSE) -> 575 | C45: 1 | D45: 211 | E45: =VLOOKUP(A45,[1]Assign!$A:$I,9,FALSE) -> Control | F45: =VLOOKUP(A45,'[1]Carcass '!$C$105:$D$397,2,FALSE) -> 735 | G45: =F45/0.63 -> 1166.6667 | H45: =(G45-B45)/196 -> 3.0187075 | I45: =VLOOKUP(D45,'[1]DMO head'!$A$2:$D$49,4,FALSE) -> 19.728558 | J45: =G45-B45 -> 591.66667 | L45: =VLOOKUP(A45,'[1]Carcass '!$C$10:$J$397,8,FALSE) -> 0 | M45: =COUNTIF(L45,"A") -> 0 | N45: =COUNTIF(L45,"A-") -> 0 | O45: =COUNTIF(L45,"A+") -> 0 | P45: =SUM(M45:O45) -> 0 | Q45: =COUNTIF(L45,"C") -> 0 | R45: =VLOOKUP(A45,'[1]Carcass '!$C$107:$E$399,3,FALSE) -> 16.1 | S45: =VLOOKUP(A45,'[1]Carcass '!$C$107:$F$399,4,FALSE) -> 2.9 | T45: =VLOOKUP(A45,'[1]Carcass '!$C$10:$G$397,5, FALSE) -> 0.44 | U45: =VLOOKUP(A45,'[1]Carcass '!$C$107:$I$399,7,FALSE) -> 463
A46: 4468 | B46: =VLOOKUP(A46,[1]Assign!$A:$D,4,FALSE) -> 572 | C46: 1 | D46: 212 | E46: =VLOOKUP(A46,[1]Assign!$A:$I,9,FALSE) -> 25% MDGS Variable | F46: =VLOOKUP(A46,'[1]Carcass '!$C$105:$D$397,2,FALSE) -> 917 | G46: =F46/0.63 -> 1455.5556 | H46: =(G46-B46)/196 -> 4.5079365 | I46: =VLOOKUP(D46,'[1]DMO head'!$A$2:$D$49,4,FALSE) -> 21.738936 | J46: =G46-B46 -> 883.55556 | L46: =VLOOKUP(A46,'[1]Carcass '!$C$10:$J$397,8,FALSE) -> A- | M46: =COUNTIF(L46,"A") -> 0 | N46: =COUNTIF(L46,"A-") -> 1 | O46: =COUNTIF(L46,"A+") -> 0 | P46: =SUM(M46:O46) -> 1 | Q46: =COUNTIF(L46,"C") -> 0 | R46: =VLOOKUP(A46,'[1]Carcass '!$C$107:$E$399,3,FALSE) -> 14.41 | S46: =VLOOKUP(A46,'[1]Carcass '!$C$107:$F$399,4,FALSE) -> 3.84 | T46: =VLOOKUP(A46,'[1]Carcass '!$C$10:$G$397,5, FALSE) -> 0.796 | U46: =VLOOKUP(A46,'[1]Carcass '!$C$107:$I$399,7,FALSE) -> 534
A47: 4399 | B47: =VLOOKUP(A47,[1]Assign!$A:$D,4,FALSE) -> 572 | C47: 1 | D47: 213 | E47: =VLOOKUP(A47,[1]Assign!$A:$I,9,FALSE) -> 10% MDGS Variable | F47: =VLOOKUP(A47,'[1]Carcass '!$C$105:$D$397,2,FALSE) -> 795 | G47: =F47/0.63 -> 1261.9048 | H47: =(G47-B47)/196 -> 3.5199223 | I47: =VLOOKUP(D47,'[1]DMO head'!$A$2:$D$49,4,FALSE) -> 22.955779 | J47: =G47-B47 -> 689.90476 | L47: =VLOOKUP(A47,'[1]Carcass '!$C$10:$J$397,8,FALSE) -> C | M47: =COUNTIF(L47,"A") -> 0 | N47: =COUNTIF(L47,"A-") -> 0 | O47: =COUNTIF(L47,"A+") -> 0 | P47: =SUM(M47:O47) -> 0 | Q47: =COUNTIF(L47,"C") -> 1 | R47: =VLOOKUP(A47,'[1]Carcass '!$C$107:$E$399,3,FALSE) -> . | S47: =VLOOKUP(A47,'[1]Carcass '!$C$107:$F$399,4,FALSE) -> .
A48: 4721 | B48: =VLOOKUP(A48,[1]Assign!$A:$D,4,FALSE) -> 571 | C48: 1 | D48: 214 | E48: =VLOOKUP(A48,[1]Assign!$A:$I,9,FALSE) -> 25% MDGS Constant | F48: =VLOOKUP(A48,'[1]Carcass '!$C$105:$D$397,2,FALSE) -> 898 | G48: =F48/0.63 -> 1425.3968 | H48: =(G48-B48)/196 -> 4.3591675 | I48: =VLOOKUP(D48,'[1]DMO head'!$A$2:$D$49,4,FALSE) -> 22.398785 | J48: =G48-B48 -> 854.39683 | L48: =VLOOKUP(A48,'[1]Carcass '!$C$10:$J$397,8,FALSE) -> 0 | M48: =COUNTIF(L48,"A") -> 0 | N48: =COUNTIF(L48,"A-") -> 0 | O48: =COUNTIF(L48,"A+") -> 0 | P48: =SUM(M48:O48) -> 0 | Q48: =COUNTIF(L48,"C") -> 0 | R48: =VLOOKUP(A48,'[1]Carcass '!$C$107:$E$399,3,FALSE) -> 13.5 | S48: =VLOOKUP(A48,'[1]Carcass '!$C$107:$F$399,4,FALSE) -> 3.7 | T48: =VLOOKUP(A48,'[1]Carcass '!$C$10:$G$397,5, FALSE) -> 0.73 | U48: =VLOOKUP(A48,'[1]Carcass '!$C$107:$I$399,7,FALSE) -> 680
A49: 4348 | B49: =VLOOKUP(A49,[1]Assign!$A:$D,4,FALSE) -> 570 | C49: 1 | D49: 205 | E49: =VLOOKUP(A49,[1]Assign!$A:$I,9,FALSE) -> 10% MDGS Constant | F49: =VLOOKUP(A49,'[1]Carcass '!$C$105:$D$397,2,FALSE) -> 752 | G49: =F49/0.63 -> 1193.6508 | H49: =(G49-B49)/196 -> 3.1818918 | I49: =VLOOKUP(D49,'[1]DMO head'!$A$2:$D$49,4,FALSE) -> 21.582642 | J49: =G49-B49 -> 623.65079 | L49: =VLOOKUP(A49,'[1]Carcass '!$C$10:$J$397,8,FALSE) -> C | M49: =COUNTIF(L49,"A") -> 0 | N49: =COUNTIF(L49,"A-") -> 0 | O49: =COUNTIF(L49,"A+") -> 0 | P49: =SUM(M49:O49) -> 0 | Q49: =COUNTIF(L49,"C") -> 1 | R49: =VLOOKUP(A49,'[1]Carcass '!$C$107:$E$399,3,FALSE) -> 11.9 | S49: =VLOOKUP(A49,'[1]Carcass '!$C$107:$F$399,4,FALSE) -> 3.2 | T49: =VLOOKUP(A49,'[1]Carcass '!$C$10:$G$397,5, FALSE) -> 0.616 | U49: =VLOOKUP(A49,'[1]Carcass '!$C$107:$I$399,7,FALSE) -> 532
A50: 4424 | B50: =VLOOKUP(A50,[1]Assign!$A:$D,4,FALSE) -> 579 | C50: 1 | D50: 206 | E50: =VLOOKUP(A50,[1]Assign!$A:$I,9,FALSE) -> 10% MDGS Variable | F50: =VLOOKUP(A50,'[1]Carcass '!$C$105:$D$397,2,FALSE) -> 743 | G50: =F50/0.63 -> 1179.3651 | H50: =(G50-B50)/196 -> 3.0630871 | I50: =VLOOKUP(D50,'[1]DMO head'!$A$2:$D$49,4,FALSE) -> 20.595227 | J50: =G50-B50 -> 600.36508 | L50: =VLOOKUP(A50,'[1]Carcass '!$C$10:$J$397,8,FALSE) -> C | M50: =COUNTIF(L50,"A") -> 0 | N50: =COUNTIF(L50,"A-") -> 0 | O50: =COUNTIF(L50,"A+") -> 0 | P50: =SUM(M50:O50) -> 0 | Q50: =COUNTIF(L50,"C") -> 1 | R50: =VLOOKUP(A50,'[1]Carcass '!$C$107:$E$399,3,FALSE) -> . | S50: =VLOOKUP(A50,'[1]Carcass '!$C$107:$F$399,4,FALSE) -> .
A51: 4695 | B51: =VLOOKUP(A51,[1]Assign!$A:$D,4,FALSE) -> 583 | C51: 1 | D51: 207 | E51: =VLOOKUP(A51,[1]Assign!$A:$I,9,FALSE) -> Control | F51: =VLOOKUP(A51,'[1]Carcass '!$C$105:$D$397,2,FALSE) -> 791 | G51: =F51/0.63 -> 1255.5556 | H51: =(G51-B51)/196 -> 3.4314059 | I51: =VLOOKUP(D51,'[1]DMO head'!$A$2:$D$49,4,FALSE) -> 21.495747 | J51: =G51-B51 -> 672.55556 | L51: =VLOOKUP(A51,'[1]Carcass '!$C$10:$J$397,8,FALSE) -> A+ | M51: =COUNTIF(L51,"A") -> 0 | N51: =COUNTIF(L51,"A-") -> 0 | O51: =COUNTIF(L51,"A+") -> 1 | P51: =SUM(M51:O51) -> 1 | Q51: =COUNTIF(L51,"C") -> 0 | R51: =VLOOKUP(A51,'[1]Carcass '!$C$107:$E$399,3,FALSE) -> 14.7 | S51: =VLOOKUP(A51,'[1]Carcass '!$C$107:$F$399,4,FALSE) -> 3 | T51: =VLOOKUP(A51,'[1]Carcass '!$C$10:$G$397,5, FALSE) -> 0.54 | U51: =VLOOKUP(A51,'[1]Carcass '!$C$107:$I$399,7,FALSE) -> 727
A52: 4463 | B52: =VLOOKUP(A52,[1]Assign!$A:$D,4,FALSE) -> 582 | C52: 1 | D52: 208 | E52: =VLOOKUP(A52,[1]Assign!$A:$I,9,FALSE) -> 25% MDGS Variable | F52: =VLOOKUP(A52,'[1]Carcass '!$C$105:$D$397,2,FALSE) -> 733 | G52: =F52/0.63 -> 1163.4921 | H52: =(G52-B52)/196 -> 2.9667962 | I52: =VLOOKUP(D52,'[1]DMO head'!$A$2:$D$49,4,FALSE) -> 22.923741 | J52: =G52-B52 -> 581.49206 | L52: =VLOOKUP(A52,'[1]Carcass '!$C$10:$J$397,8,FALSE) -> A- | M52: =COUNTIF(L52,"A") -> 0 | N52: =COUNTIF(L52,"A-") -> 1 | O52: =COUNTIF(L52,"A+") -> 0 | P52: =SUM(M52:O52) -> 1 | Q52: =COUNTIF(L52,"C") -> 0 | R52: =VLOOKUP(A52,'[1]Carcass '!$C$107:$E$399,3,FALSE) -> 12.65 | S52: =VLOOKUP(A52,'[1]Carcass '!$C$107:$F$399,4,FALSE) -> 3.2 | T52: =VLOOKUP(A52,'[1]Carcass '!$C$10:$G$397,5, FALSE) -> 0.52 | U52: =VLOOKUP(A52,'[1]Carcass '!$C$107:$I$399,7,FALSE) -> 571
A53: 4599 | B53: =VLOOKUP(A53,[1]Assign!$A:$D,4,FALSE) -> 566 | C53: 1 | D53: 209 | E53: =VLOOKUP(A53,[1]Assign!$A:$I,9,FALSE) -> 25% MDGS Constant | F53: =VLOOKUP(A53,'[1]Carcass '!$C$105:$D$397,2,FALSE) -> 802 | G53: =F53/0.63 -> 1273.0159 | H53: =(G53-B53)/196 -> 3.6072238 | I53: =VLOOKUP(D53,'[1]DMO head'!$A$2:$D$49,4,FALSE) -> 21.321409 | J53: =G53-B53 -> 707.01587 | L53: =VLOOKUP(A53,'[1]Carcass '!$C$10:$J$397,8,FALSE) -> A- | M53: =COUNTIF(L53,"A") -> 0 | N53: =COUNTIF(L53,"A-") -> 1 | O53: =COUNTIF(L53,"A+") -> 0 | P53: =SUM(M53:O53) -> 1 | Q53: =COUNTIF(L53,"C") -> 0 | R53: =VLOOKUP(A53,'[1]Carcass '!$C$107:$E$399,3,FALSE) -> 13.1 | S53: =VLOOKUP(A53,'[1]Carcass '!$C$107:$F$399,4,FALSE) -> 3.7 | T53: =VLOOKUP(A53,'[1]Carcass '!$C$10:$G$397,5, FALSE) -> 0.732 | U53: =VLOOKUP(A53,'[1]Carcass '!$C$107:$I$399,7,FALSE) -> 482
A54: 4387 | B54: =VLOOKUP(A54,[1]Assign!$A:$D,4,FALSE) -> 565 | C54: 1 | D54: 210 | E54: =VLOOKUP(A54,[1]Assign!$A:$I,9,FALSE) -> 10% MDGS Constant | F54: =VLOOKUP(A54,'[1]Carcass '!$C$105:$D$397,2,FALSE) -> 745 | G54: =F54/0.63 -> 1182.5397 | H54: =(G54-B54)/196 -> 3.1507127 | I54: =VLOOKUP(D54,'[1]DMO head'!$A$2:$D$49,4,FALSE) -> 19.910352 | J54: =G54-B54 -> 617.53968 | L54: =VLOOKUP(A54,'[1]Carcass '!$C$10:$J$397,8,FALSE) -> 0 | M54: =COUNTIF(L54,"A") -> 0 | N54: =COUNTIF(L54,"A-") -> 0 | O54: =COUNTIF(L54,"A+") -> 0 | P54: =SUM(M54:O54) -> 0 | Q54: =COUNTIF(L54,"C") -> 0 | R54: =VLOOKUP(A54,'[1]Carcass '!$C$107:$E$399,3,FALSE) -> 13.8 | S54: =VLOOKUP(A54,'[1]Carcass '!$C$107:$F$399,4,FALSE) -> 3.34 | T54: =VLOOKUP(A54,'[1]Carcass '!$C$10:$G$397,5, FALSE) -> 0.55 | U54: =VLOOKUP(A54,'[1]Carcass '!$C$107:$I$399,7,FALSE) -> 620
A55: 4383 | B55: =VLOOKUP(A55,[1]Assign!$A:$D,4,FALSE) -> 572 | C55: 1 | D55: 211 | E55: =VLOOKUP(A55,[1]Assign!$A:$I,9,FALSE) -> Control | F55: =VLOOKUP(A55,'[1]Carcass '!$C$105:$D$397,2,FALSE) -> 730 | G55: =F55/0.63 -> 1158.7302 | H55: =(G55-B55)/196 -> 2.9935212 | I55: =VLOOKUP(D55,'[1]DMO head'!$A$2:$D$49,4,FALSE) -> 19.728558 | J55: =G55-B55 -> 586.73016 | L55: =VLOOKUP(A55,'[1]Carcass '!$C$10:$J$397,8,FALSE) -> 0 | M55: =COUNTIF(L55,"A") -> 0 | N55: =COUNTIF(L55,"A-") -> 0 | O55: =COUNTIF(L55,"A+") -> 0 | P55: =SUM(M55:O55) -> 0 | Q55: =COUNTIF(L55,"C") -> 0 | R55: =VLOOKUP(A55,'[1]Carcass '!$C$107:$E$399,3,FALSE) -> 12.7 | S55: =VLOOKUP(A55,'[1]Carcass '!$C$107:$F$399,4,FALSE) -> 2.8 | T55: =VLOOKUP(A55,'[1]Carcass '!$C$10:$G$397,5, FALSE) -> 0.33 | U55: =VLOOKUP(A55,'[1]Carcass '!$C$107:$I$399,7,FALSE) -> 417
A56: 4498 | B56: =VLOOKUP(A56,[1]Assign!$A:$D,4,FALSE) -> 575 | C56: 1 | D56: 212 | E56: =VLOOKUP(A56,[1]Assign!$A:$I,9,FALSE) -> 25% MDGS Variable | F56: =VLOOKUP(A56,'[1]Carcass '!$C$105:$D$397,2,FALSE) -> 819 | G56: =F56/0.63 -> 1300 | H56: =(G56-B56)/196 -> 3.6989796 | I56: =VLOOKUP(D56,'[1]DMO head'!$A$2:$D$49,4,FALSE) -> 21.738936 | J56: =G56-B56 -> 725 | L56: =VLOOKUP(A56,'[1]Carcass '!$C$10:$J$397,8,FALSE) -> A- | M56: =COUNTIF(L56,"A") -> 0 | N56: =COUNTIF(L56,"A-") -> 1 | O56: =COUNTIF(L56,"A+") -> 0 | P56: =SUM(M56:O56) -> 1 | Q56: =COUNTIF(L56,"C") -> 0 | R56: =VLOOKUP(A56,'[1]Carcass '!$C$107:$E$399,3,FALSE) -> 12.2 | S56: =VLOOKUP(A56,'[1]Carcass '!$C$107:$F$399,4,FALSE) -> 3.44 | T56: =VLOOKUP(A56,'[1]Carcass '!$C$10:$G$397,5, FALSE) -> 0.63 | U56: =VLOOKUP(A56,'[1]Carcass '!$C$107:$I$399,7,FALSE) -> 468
A57: 4565 | B57: =VLOOKUP(A57,[1]Assign!$A:$D,4,FALSE) -> 574 | C57: 1 | D57: 213 | E57: =VLOOKUP(A57,[1]Assign!$A:$I,9,FALSE) -> 10% MDGS Variable | F57: =VLOOKUP(A57,'[1]Carcass '!$C$105:$D$397,2,FALSE) -> 786 | G57: =F57/0.63 -> 1247.619 | H57: =(G57-B57)/196 -> 3.4368319 | I57: =VLOOKUP(D57,'[1]DMO head'!$A$2:$D$49,4,FALSE) -> 22.955779 | J57: =G57-B57 -> 673.61905 | L57: =VLOOKUP(A57,'[1]Carcass '!$C$10:$J$397,8,FALSE) -> 0 | M57: =COUNTIF(L57,"A") -> 0 | N57: =COUNTIF(L57,"A-") -> 0 | O57: =COUNTIF(L57,"A+") -> 0 | P57: =SUM(M57:O57) -> 0 | Q57: =COUNTIF(L57,"C") -> 0 | R57: =VLOOKUP(A57,'[1]Carcass '!$C$107:$E$399,3,FALSE) -> 12.8 | S57: =VLOOKUP(A57,'[1]Carcass '!$C$107:$F$399,4,FALSE) -> 3.4 | T57: =VLOOKUP(A57,'[1]Carcass '!$C$10:$G$397,5, FALSE) -> 0.57 | U57: =VLOOKUP(A57,'[1]Carcass '!$C$107:$I$399,7,FALSE) -> 788
A58: 4583 | B58: =VLOOKUP(A58,[1]Assign!$A:$D,4,FALSE) -> 576 | C58: 1 | D58: 214 | E58: =VLOOKUP(A58,[1]Assign!$A:$I,9,FALSE) -> 25% MDGS Constant | F58: =VLOOKUP(A58,'[1]Carcass '!$C$105:$D$397,2,FALSE) -> 870 | G58: =F58/0.63 -> 1380.9524 | H58: =(G58-B58)/196 -> 4.1068999 | I58: =VLOOKUP(D58,'[1]DMO head'!$A$2:$D$49,4,FALSE) -> 22.398785 | J58: =G58-B58 -> 804.95238 | L58: =VLOOKUP(A58,'[1]Carcass '!$C$10:$J$397,8,FALSE) -> 0 | M58: =COUNTIF(L58,"A") -> 0 | N58: =COUNTIF(L58,"A-") -> 0 | O58: =COUNTIF(L58,"A+") -> 0 | P58: =SUM(M58:O58) -> 0 | Q58: =COUNTIF(L58,"C") -> 0 | R58: =VLOOKUP(A58,'[1]Carcass '!$C$107:$E$399,3,FALSE) -> 15.3 | S58: =VLOOKUP(A58,'[1]Carcass '!$C$107:$F$399,4,FALSE) -> 2.8 | T58: =VLOOKUP(A58,'[1]Carcass '!$C$10:$G$397,5, FALSE) -> 0.52 | U58: =VLOOKUP(A58,'[1]Carcass '!$C$107:$I$399,7,FALSE) -> 516
A59: 4395 | B59: =VLOOKUP(A59,[1]Assign!$A:$D,4,FALSE) -> 575 | C59: 1 | D59: 205 | E59: =VLOOKUP(A59,[1]Assign!$A:$I,9,FALSE) -> 10% MDGS Constant | F59: =VLOOKUP(A59,'[1]Carcass '!$C$105:$D$397,2,FALSE) -> 774 | G59: =F59/0.63 -> 1228.5714 | H59: =(G59-B59)/196 -> 3.3345481 | I59: =VLOOKUP(D59,'[1]DMO head'!$A$2:$D$49,4,FALSE) -> 21.582642 | J59: =G59-B59 -> 653.57143 | L59: =VLOOKUP(A59,'[1]Carcass '!$C$10:$J$397,8,FALSE) -> 0 | M59: =COUNTIF(L59,"A") -> 0 | N59: =COUNTIF(L59,"A-") -> 0 | O59: =COUNTIF(L59,"A+") -> 0 | P59: =SUM(M59:O59) -> 0 | Q59: =COUNTIF(L59,"C") -> 0 | R59: =VLOOKUP(A59,'[1]Carcass '!$C$107:$E$399,3,FALSE) -> 14.4 | S59: =VLOOKUP(A59,'[1]Carcass '!$C$107:$F$399,4,FALSE) -> 2.8 | T59: =VLOOKUP(A59,'[1]Carcass '!$C$10:$G$397,5, FALSE) -> 0.396
A60: 4535 | B60: =VLOOKUP(A60,[1]Assign!$A:$D,4,FALSE) -> 587 | C60: 1 | D60: 206 | E60: =VLOOKUP(A60,[1]Assign!$A:$I,9,FALSE) -> 10% MDGS Variable | F60: =VLOOKUP(A60,'[1]Carcass '!$C$105:$D$397,2,FALSE) -> 825 | G60: =F60/0.63 -> 1309.5238 | H60: =(G60-B60)/196 -> 3.686346 | I60: =VLOOKUP(D60,'[1]DMO head'!$A$2:$D$49,4,FALSE) -> 20.595227 | J60: =G60-B60 -> 722.52381 | L60: =VLOOKUP(A60,'[1]Carcass '!$C$10:$J$397,8,FALSE) -> 0 | M60: =COUNTIF(L60,"A") -> 0 | N60: =COUNTIF(L60,"A-") -> 0 | O60: =COUNTIF(L60,"A+") -> 0 | P60: =SUM(M60:O60) -> 0 | Q60: =COUNTIF(L60,"C") -> 0 | R60: =VLOOKUP(A60,'[1]Carcass '!$C$107:$E$399,3,FALSE) -> 15.9 | S60: =VLOOKUP(A60,'[1]Carcass '!$C$107:$F$399,4,FALSE) -> 2.8 | T60: =VLOOKUP(A60,'[1]Carcass '!$C$10:$G$397,5, FALSE) -> 0.53 | U60: =VLOOKUP(A60,'[1]Carcass '!$C$107:$I$399,7,FALSE) -> 415
A61: 4549 | B61: =VLOOKUP(A61,[1]Assign!$A:$D,4,FALSE) -> 580 | C61: 1 | D61: 207 | E61: =VLOOKUP(A61,[1]Assign!$A:$I,9,FALSE) -> Control | F61: =VLOOKUP(A61,'[1]Carcass '!$C$105:$D$397,2,FALSE) -> 771 | G61: =F61/0.63 -> 1223.8095 | H61: =(G61-B61)/196 -> 3.2847425 | I61: =VLOOKUP(D61,'[1]DMO head'!$A$2:$D$49,4,FALSE) -> 21.495747 | J61: =G61-B61 -> 643.80952 | L61: =VLOOKUP(A61,'[1]Carcass '!$C$10:$J$397,8,FALSE) -> 0 | M61: =COUNTIF(L61,"A") -> 0 | N61: =COUNTIF(L61,"A-") -> 0 | O61: =COUNTIF(L61,"A+") -> 0 | P61: =SUM(M61:O61) -> 0 | Q61: =COUNTIF(L61,"C") -> 0 | R61: =VLOOKUP(A61,'[1]Carcass '!$C$107:$E$399,3,FALSE) -> 15.27 | S61: =VLOOKUP(A61,'[1]Carcass '!$C$107:$F$399,4,FALSE) -> 3.31
A62: 4736 | B62: =VLOOKUP(A62,[1]Assign!$A:$D,4,FALSE) -> 581 | C62: 1 | D62: 208 | E62: =VLOOKUP(A62,[1]Assign!$A:$I,9,FALSE) -> 25% MDGS Variable | F62: =VLOOKUP(A62,'[1]Carcass '!$C$105:$D$397,2,FALSE) -> 795 | G62: =F62/0.63 -> 1261.9048 | H62: =(G62-B62)/196 -> 3.4740039 | I62: =VLOOKUP(D62,'[1]DMO head'!$A$2:$D$49,4,FALSE) -> 22.923741 | J62: =G62-B62 -> 680.90476 | L62: =VLOOKUP(A62,'[1]Carcass '!$C$10:$J$397,8,FALSE) -> A- | M62: =COUNTIF(L62,"A") -> 0 | N62: =COUNTIF(L62,"A-") -> 1 | O62: =COUNTIF(L62,"A+") -> 0 | P62: =SUM(M62:O62) -> 1 | Q62: =COUNTIF(L62,"C") -> 0 | R62: =VLOOKUP(A62,'[1]Carcass '!$C$107:$E$399,3,FALSE) -> 13.4 | S62: =VLOOKUP(A62,'[1]Carcass '!$C$107:$F$399,4,FALSE) -> 3.2 | T62: =VLOOKUP(A62,'[1]Carcass '!$C$10:$G$397,5, FALSE) -> 0.52 | U62: =VLOOKUP(A62,'[1]Carcass '!$C$107:$I$399,7,FALSE) -> 481
A63: 4415 | B63: =VLOOKUP(A63,[1]Assign!$A:$D,4,FALSE) -> 582 | C63: 1 | D63: 209 | E63: =VLOOKUP(A63,[1]Assign!$A:$I,9,FALSE) -> 25% MDGS Constant | F63: =VLOOKUP(A63,'[1]Carcass '!$C$105:$D$397,2,FALSE) -> 806 | G63: =F63/0.63 -> 1279.3651 | H63: =(G63-B63)/196 -> 3.5579851 | I63: =VLOOKUP(D63,'[1]DMO head'!$A$2:$D$49,4,FALSE) -> 21.321409 | J63: =G63-B63 -> 697.36508 | L63: =VLOOKUP(A63,'[1]Carcass '!$C$10:$J$397,8,FALSE) -> C | M63: =COUNTIF(L63,"A") -> 0 | N63: =COUNTIF(L63,"A-") -> 0 | O63: =COUNTIF(L63,"A+") -> 0 | P63: =SUM(M63:O63) -> 0 | Q63: =COUNTIF(L63,"C") -> 1 | R63: =VLOOKUP(A63,'[1]Carcass '!$C$107:$E$399,3,FALSE) -> 13.83 | S63: =VLOOKUP(A63,'[1]Carcass '!$C$107:$F$399,4,FALSE) -> 3.8 | T63: =VLOOKUP(A63,'[1]Carcass '!$C$10:$G$397,5, FALSE) -> 0.8 | U63: =VLOOKUP(A63,'[1]Carcass '!$C$107:$I$399,7,FALSE) -> 479
A64: 4339 | B64: =VLOOKUP(A64,[1]Assign!$A:$D,4,FALSE) -> 582 | C64: 1 | D64: 210 | E64: =VLOOKUP(A64,[1]Assign!$A:$I,9,FALSE) -> 10% MDGS Constant | F64: =VLOOKUP(A64,'[1]Carcass '!$C$105:$D$397,2,FALSE) -> 767 | G64: =F64/0.63 -> 1217.4603 | H64: =(G64-B64)/196 -> 3.2421445 | I64: =VLOOKUP(D64,'[1]DMO head'!$A$2:$D$49,4,FALSE) -> 19.910352 | J64: =G64-B64 -> 635.46032 | L64: =VLOOKUP(A64,'[1]Carcass '!$C$10:$J$397,8,FALSE) -> 0 | M64: =COUNTIF(L64,"A") -> 0 | N64: =COUNTIF(L64,"A-") -> 0 | O64: =COUNTIF(L64,"A+") -> 0 | P64: =SUM(M64:O64) -> 0 | Q64: =COUNTIF(L64,"C") -> 0 | R64: =VLOOKUP(A64,'[1]Carcass '!$C$107:$E$399,3,FALSE) -> 11.4 | S64: =VLOOKUP(A64,'[1]Carcass '!$C$107:$F$399,4,FALSE) -> 3.82 | T64: =VLOOKUP(A64,'[1]Carcass '!$C$10:$G$397,5, FALSE) -> 1.048 | U64: =VLOOKUP(A64,'[1]Carcass '!$C$107:$I$399,7,FALSE) -> 741
A65: 4660 | B65: =VLOOKUP(A65,[1]Assign!$A:$D,4,FALSE) -> 581 | C65: 1 | D65: 211 | E65: =VLOOKUP(A65,[1]Assign!$A:$I,9,FALSE) -> Control | F65: =VLOOKUP(A65,'[1]Carcass '!$C$105:$D$397,2,FALSE) -> 760 | G65: =F65/0.63 -> 1206.3492 | H65: =(G65-B65)/196 -> 3.1905572 | I65: =VLOOKUP(D65,'[1]DMO head'!$A$2:$D$49,4,FALSE) -> 19.728558 | J65: =G65-B65 -> 625.34921 | L65: =VLOOKUP(A65,'[1]Carcass '!$C$10:$J$397,8,FALSE) -> 0 | M65: =COUNTIF(L65,"A") -> 0 | N65: =COUNTIF(L65,"A-") -> 0 | O65: =COUNTIF(L65,"A+") -> 0 | P65: =SUM(M65:O65) -> 0 | Q65: =COUNTIF(L65,"C") -> 0 | R65: =VLOOKUP(A65,'[1]Carcass '!$C$107:$E$399,3,FALSE) -> 13.83 | S65: =VLOOKUP(A65,'[1]Carcass '!$C$107:$F$399,4,FALSE) -> 3.4 | T65: =VLOOKUP(A65,'[1]Carcass '!$C$10:$G$397,5, FALSE) -> 0.632 | U65: =VLOOKUP(A65,'[1]Carcass '!$C$107:$I$399,7,FALSE) -> 639
A66: 4444 | B66: =VLOOKUP(A66,[1]Assign!$A:$D,4,FALSE) -> 578 | C66: 1 | D66: 212 | E66: =VLOOKUP(A66,[1]Assign!$A:$I,9,FALSE) -> 25% MDGS Variable | F66: =VLOOKUP(A66,'[1]Carcass '!$C$105:$D$397,2,FALSE) -> 799 | G66: =F66/0.63 -> 1268.254 | H66: =(G66-B66)/196 -> 3.5217039 | I66: =VLOOKUP(D66,'[1]DMO head'!$A$2:$D$49,4,FALSE) -> 21.738936 | J66: =G66-B66 -> 690.25397 | L66: =VLOOKUP(A66,'[1]Carcass '!$C$10:$J$397,8,FALSE) -> 0 | M66: =COUNTIF(L66,"A") -> 0 | N66: =COUNTIF(L66,"A-") -> 0 | O66: =COUNTIF(L66,"A+") -> 0 | P66: =SUM(M66:O66) -> 0 | Q66: =COUNTIF(L66,"C") -> 0 | R66: =VLOOKUP(A66,'[1]Carcass '!$C$107:$E$399,3,FALSE) -> 15.3 | S66: =VLOOKUP(A66,'[1]Carcass '!$C$107:$F$399,4,FALSE) -> 3.3 | T66: =VLOOKUP(A66,'[1]Carcass '!$C$10:$G$397,5, FALSE) -> 0.51 | U66: =VLOOKUP(A66,'[1]Carcass '!$C$107:$I$399,7,FALSE) -> 394
A67: 4659 | B67: =VLOOKUP(A67,[1]Assign!$A:$D,4,FALSE) -> 583 | C67: 1 | D67: 213 | E67: =VLOOKUP(A67,[1]Assign!$A:$I,9,FALSE) -> 10% MDGS Variable | F67: =VLOOKUP(A67,'[1]Carcass '!$C$105:$D$397,2,FALSE) -> 948 | G67: =F67/0.63 -> 1504.7619 | H67: =(G67-B67)/196 -> 4.7028669 | I67: =VLOOKUP(D67,'[1]DMO head'!$A$2:$D$49,4,FALSE) -> 22.955779 | J67: =G67-B67 -> 921.7619 | L67: =VLOOKUP(A67,'[1]Carcass '!$C$10:$J$397,8,FALSE) -> 0 | M67: =COUNTIF(L67,"A") -> 0 | N67: =COUNTIF(L67,"A-") -> 0 | O67: =COUNTIF(L67,"A+") -> 0 | P67: =SUM(M67:O67) -> 0 | Q67: =COUNTIF(L67,"C") -> 0 | R67: =VLOOKUP(A67,'[1]Carcass '!$C$107:$E$399,3,FALSE) -> 13.25 | S67: =VLOOKUP(A67,'[1]Carcass '!$C$107:$F$399,4,FALSE) -> 4.3 | T67: =VLOOKUP(A67,'[1]Carcass '!$C$10:$G$397,5, FALSE) -> 0.95 | U67: =VLOOKUP(A67,'[1]Carcass '!$C$107:$I$399,7,FALSE) -> 788
A68: 4345 | B68: =VLOOKUP(A68,[1]Assign!$A:$D,4,FALSE) -> 582 | C68: 1 | D68: 214 | E68: =VLOOKUP(A68,[1]Assign!$A:$I,9,FALSE) -> 25% MDGS Constant | F68: =VLOOKUP(A68,'[1]Carcass '!$C$105:$D$397,2,FALSE) -> 731 | G68: =F68/0.63 -> 1160.3175 | H68: =(G68-B68)/196 -> 2.9505993 | I68: =VLOOKUP(D68,'[1]DMO head'!$A$2:$D$49,4,FALSE) -> 22.398785 | J68: =G68-B68 -> 578.31746 | L68: =VLOOKUP(A68,'[1]Carcass '!$C$10:$J$397,8,FALSE) -> A- | M68: =COUNTIF(L68,"A") -> 0 | N68: =COUNTIF(L68,"A-") -> 1 | O68: =COUNTIF(L68,"A+") -> 0 | P68: =SUM(M68:O68) -> 1 | Q68: =COUNTIF(L68,"C") -> 0 | R68: =VLOOKUP(A68,'[1]Carcass '!$C$107:$E$399,3,FALSE) -> 12.2 | S68: =VLOOKUP(A68,'[1]Carcass '!$C$107:$F$399,4,FALSE) -> 3.6 | T68: =VLOOKUP(A68,'[1]Carcass '!$C$10:$G$397,5, FALSE) -> 0.71 | U68: =VLOOKUP(A68,'[1]Carcass '!$C$107:$I$399,7,FALSE) -> 552
A69: 4545 | B69: =VLOOKUP(A69,[1]Assign!$A:$D,4,FALSE) -> 579 | C69: 1 | D69: 205 | E69: =VLOOKUP(A69,[1]Assign!$A:$I,9,FALSE) -> 10% MDGS Constant | F69: =VLOOKUP(A69,'[1]Carcass '!$C$105:$D$397,2,FALSE) -> 732 | G69: =F69/0.63 -> 1161.9048 | H69: =(G69-B69)/196 -> 2.9740039 | I69: =VLOOKUP(D69,'[1]DMO head'!$A$2:$D$49,4,FALSE) -> 21.582642 | J69: =G69-B69 -> 582.90476 | L69: =VLOOKUP(A69,'[1]Carcass '!$C$10:$J$397,8,FALSE) -> 0 | M69: =COUNTIF(L69,"A") -> 0 | N69: =COUNTIF(L69,"A-") -> 0 | O69: =COUNTIF(L69,"A+") -> 0 | P69: =SUM(M69:O69) -> 0 | Q69: =COUNTIF(L69,"C") -> 0 | R69: =VLOOKUP(A69,'[1]Carcass '!$C$107:$E$399,3,FALSE) -> 12.4 | S69: =VLOOKUP(A69,'[1]Carcass '!$C$107:$F$399,4,FALSE) -> 3.05 | T69: =VLOOKUP(A69,'[1]Carcass '!$C$10:$G$397,5, FALSE) -> 0.6 | U69: =VLOOKUP(A69,'[1]Carcass '!$C$107:$I$399,7,FALSE) -> 451
A70: 4638 | B70: =VLOOKUP(A70,[1]Assign!$A:$D,4,FALSE) -> 587 | C70: 1 | D70: 206 | E70: =VLOOKUP(A70,[1]Assign!$A:$I,9,FALSE) -> 10% MDGS Variable | F70: =VLOOKUP(A70,'[1]Carcass '!$C$105:$D$397,2,FALSE) -> 760 | G70: =F70/0.63 -> 1206.3492 | H70: =(G70-B70)/196 -> 3.1599449 | I70: =VLOOKUP(D70,'[1]DMO head'!$A$2:$D$49,4,FALSE) -> 20.595227 | J70: =G70-B70 -> 619.34921 | L70: =VLOOKUP(A70,'[1]Carcass '!$C$10:$J$397,8,FALSE) -> A+ | M70: =COUNTIF(L70,"A") -> 0 | N70: =COUNTIF(L70,"A-") -> 0 | O70: =COUNTIF(L70,"A+") -> 1 | P70: =SUM(M70:O70) -> 1 | Q70: =COUNTIF(L70,"C") -> 0 | R70: =VLOOKUP(A70,'[1]Carcass '!$C$107:$E$399,3,FALSE) -> 14.9 | S70: =VLOOKUP(A70,'[1]Carcass '!$C$107:$F$399,4,FALSE) -> 3.05 | T70: =VLOOKUP(A70,'[1]Carcass '!$C$10:$G$397,5, FALSE) -> 0.478 | U70: =VLOOKUP(A70,'[1]Carcass '!$C$107:$I$399,7,FALSE) -> 460
A71: 4710 | B71: =VLOOKUP(A71,[1]Assign!$A:$D,4,FALSE) -> 588 | C71: 1 | D71: 207 | E71: =VLOOKUP(A71,[1]Assign!$A:$I,9,FALSE) -> Control | F71: =VLOOKUP(A71,'[1]Carcass '!$C$105:$D$397,2,FALSE) -> 845 | G71: =F71/0.63 -> 1341.2698 | H71: =(G71-B71)/196 -> 3.8432135 | I71: =VLOOKUP(D71,'[1]DMO head'!$A$2:$D$49,4,FALSE) -> 21.495747 | J71: =G71-B71 -> 753.26984 | L71: =VLOOKUP(A71,'[1]Carcass '!$C$10:$J$397,8,FALSE) -> 0 | M71: =COUNTIF(L71,"A") -> 0 | N71: =COUNTIF(L71,"A-") -> 0 | O71: =COUNTIF(L71,"A+") -> 0 | P71: =SUM(M71:O71) -> 0 | Q71: =COUNTIF(L71,"C") -> 0 | R71: =VLOOKUP(A71,'[1]Carcass '!$C$107:$E$399,3,FALSE) -> 10.85 | S71: =VLOOKUP(A71,'[1]Carcass '!$C$107:$F$399,4,FALSE) -> 3.64 | T71: =VLOOKUP(A71,'[1]Carcass '!$C$10:$G$397,5, FALSE) -> 0.68 | U71: =VLOOKUP(A71,'[1]Carcass '!$C$107:$I$399,7,FALSE) -> 758
A72: 4602 | B72: =VLOOKUP(A72,[1]Assign!$A:$D,4,FALSE) -> 582 | C72: 1 | D72: 208 | E72: =VLOOKUP(A72,[1]Assign!$A:$I,9,FALSE) -> 25% MDGS Variable | F72: =VLOOKUP(A72,'[1]Carcass '!$C$105:$D$397,2,FALSE) -> 814 | G72: =F72/0.63 -> 1292.0635 | H72: =(G72-B72)/196 -> 3.6227729 | I72: =VLOOKUP(D72,'[1]DMO head'!$A$2:$D$49,4,FALSE) -> 22.923741 | J72: =G72-B72 -> 710.06349 | L72: =VLOOKUP(A72,'[1]Carcass '!$C$10:$J$397,8,FALSE) -> A- | M72: =COUNTIF(L72,"A") -> 0 | N72: =COUNTIF(L72,"A-") -> 1 | O72: =COUNTIF(L72,"A+") -> 0 | P72: =SUM(M72:O72) -> 1 | Q72: =COUNTIF(L72,"C") -> 0 | R72: =VLOOKUP(A72,'[1]Carcass '!$C$107:$E$399,3,FALSE) -> 16 | S72: =VLOOKUP(A72,'[1]Carcass '!$C$107:$F$399,4,FALSE) -> 3 | T72: =VLOOKUP(A72,'[1]Carcass '!$C$10:$G$397,5, FALSE) -> 0.68 | U72: =VLOOKUP(A72,'[1]Carcass '!$C$107:$I$399,7,FALSE) -> 540
A73: 4682 | B73: =VLOOKUP(A73,[1]Assign!$A:$D,4,FALSE) -> 591 | C73: 1 | D73: 209 | E73: =VLOOKUP(A73,[1]Assign!$A:$I,9,FALSE) -> 25% MDGS Constant | F73: =VLOOKUP(A73,'[1]Carcass '!$C$105:$D$397,2,FALSE) -> 827 | G73: =F73/0.63 -> 1312.6984 | H73: =(G73-B73)/196 -> 3.6821348 | I73: =VLOOKUP(D73,'[1]DMO head'!$A$2:$D$49,4,FALSE) -> 21.321409 | J73: =G73-B73 -> 721.69841 | L73: =VLOOKUP(A73,'[1]Carcass '!$C$10:$J$397,8,FALSE) -> A- | M73: =COUNTIF(L73,"A") -> 0 | N73: =COUNTIF(L73,"A-") -> 1 | O73: =COUNTIF(L73,"A+") -> 0 | P73: =SUM(M73:O73) -> 1 | Q73: =COUNTIF(L73,"C") -> 0 | R73: =VLOOKUP(A73,'[1]Carcass '!$C$107:$E$399,3,FALSE) -> 13.64 | S73: =VLOOKUP(A73,'[1]Carcass '!$C$107:$F$399,4,FALSE) -> 3.2 | T73: =VLOOKUP(A73,'[1]Carcass '!$C$10:$G$397,5, FALSE) -> 0.52 | U73: =VLOOKUP(A73,'[1]Carcass '!$C$107:$I$399,7,FALSE) -> 642
... A75: 4311 | B75: =VLOOKUP(A75,[1]Assign!$A:$D,4,FALSE) -> 591 | C75: 1 | D75: 211 | E75: =VLOOKUP(A75,[1]Assign!$A:$I,9,FALSE) -> Control | F75: =VLOOKUP(A75,'[1]Carcass '!$C$105:$D$397,2,FALSE) -> 817 | G75: =F75/0.63 -> 1296.8254 | H75: =(G75-B75)/196 -> 3.60115 | I75: =VLOOKUP(D75,'[1]DMO head'!$A$2:$D$49,4,FALSE) -> 19.728558 | J75: =G75-B75 -> 705.8254 | L75: =VLOOKUP(A75,'[1]Carcass '!$C$10:$J$397,8,FALSE) -> 0 | M75: =COUNTIF(L75,"A") -> 0 | N75: =COUNTIF(L75,"A-") -> 0 | O75: =COUNTIF(L75,"A+") -> 0 | P75: =SUM(M75:O75) -> 0 | Q75: =COUNTIF(L75,"C") -> 0 | R75: =VLOOKUP(A75,'[1]Carcass '!$C$107:$E$399,3,FALSE) -> 12.3 | S75: =VLOOKUP(A75,'[1]Carcass '!$C$107:$F$399,4,FALSE) -> 3.6 | T75: =VLOOKUP(A75,'[1]Carcass '!$C$10:$G$397,5, FALSE) -> 0.66 | U75: =VLOOKUP(A75,'[1]Carcass '!$C$107:$I$399,7,FALSE) -> 470
A76: 4770 | B76: =VLOOKUP(A76,[1]Assign!$A:$D,4,FALSE) -> 583 | C76: 1 | D76: 212 | E76: =VLOOKUP(A76,[1]Assign!$A:$I,9,FALSE) -> 25% MDGS Variable | F76: =VLOOKUP(A76,'[1]Carcass '!$C$105:$D$397,2,FALSE) -> 778 | G76: =F76/0.63 -> 1234.9206 | H76: =(G76-B76)/196 -> 3.3261257 | I76: =VLOOKUP(D76,'[1]DMO head'!$A$2:$D$49,4,FALSE) -> 21.738936 | J76: =G76-B76 -> 651.92063 | L76: A+ | M76: =COUNTIF(L76,"A") -> 0 | N76: =COUNTIF(L76,"A-") -> 0 | O76: =COUNTIF(L76,"A+") -> 1 | P76: =SUM(M76:O76) -> 1 | Q76: =COUNTIF(L76,"C") -> 0 | R76: =VLOOKUP(A76,'[1]Carcass '!$C$107:$E$399,3,FALSE) -> 11.1 | S76: =VLOOKUP(A76,'[1]Carcass '!$C$107:$F$399,4,FALSE) -> 3.9 | T76: =VLOOKUP(A76,'[1]Carcass '!$C$10:$G$397,5, FALSE) -> 0.768 | U76: =VLOOKUP(A76,'[1]Carcass '!$C$107:$I$399,7,FALSE) -> 527
A77: 4504 | B77: =VLOOKUP(A77,[1]Assign!$A:$D,4,FALSE) -> 578 | C77: 1 | D77: 213 | E77: =VLOOKUP(A77,[1]Assign!$A:$I,9,FALSE) -> 10% MDGS Variable | F77: =VLOOKUP(A77,'[1]Carcass '!$C$105:$D$397,2,FALSE) -> 912 | G77: =F77/0.63 -> 1447.619 | H77: =(G77-B77)/196 -> 4.4368319 | I77: =VLOOKUP(D77,'[1]DMO head'!$A$2:$D$49,4,FALSE) -> 22.955779 | J77: =G77-B77 -> 869.61905 | L77: =VLOOKUP(A77,'[1]Carcass '!$C$10:$J$397,8,FALSE) -> A- | M77: =COUNTIF(L77,"A") -> 0 | N77: =COUNTIF(L77,"A-") -> 1 | O77: =COUNTIF(L77,"A+") -> 0 | P77: =SUM(M77:O77) -> 1 | Q77: =COUNTIF(L77,"C") -> 0 | R77: =VLOOKUP(A77,'[1]Carcass '!$C$107:$E$399,3,FALSE) -> 15.1 | S77: =VLOOKUP(A77,'[1]Carcass '!$C$107:$F$399,4,FALSE) -> 3.6 | T77: =VLOOKUP(A77,'[1]Carcass '!$C$10:$G$397,5, FALSE) -> 0.76 | U77: =VLOOKUP(A77,'[1]Carcass '!$C$107:$I$399,7,FALSE) -> 555
A78: 4593 | B78: =VLOOKUP(A78,[1]Assign!$A:$D,4,FALSE) -> 590 | C78: 1 | D78: 214 | E78: =VLOOKUP(A78,[1]Assign!$A:$I,9,FALSE) -> 25% MDGS Constant | F78: =VLOOKUP(A78,'[1]Carcass '!$C$105:$D$397,2,FALSE) -> 932 | G78: =F78/0.63 -> 1479.3651 | H78: =(G78-B78)/196 -> 4.5375769 | I78: =VLOOKUP(D78,'[1]DMO head'!$A$2:$D$49,4,FALSE) -> 22.398785 | J78: =G78-B78 -> 889.36508 | L78: =VLOOKUP(A78,'[1]Carcass '!$C$10:$J$397,8,FALSE) -> 0 | M78: =COUNTIF(L78,"A") -> 0 | N78: =COUNTIF(L78,"A-") -> 0 | O78: =COUNTIF(L78,"A+") -> 0 | P78: =SUM(M78:O78) -> 0 | Q78: =COUNTIF(L78,"C") -> 0 | R78: =VLOOKUP(A78,'[1]Carcass '!$C$107:$E$399,3,FALSE) -> 14.65 | S78: =VLOOKUP(A78,'[1]Carcass '!$C$107:$F$399,4,FALSE) -> 3.8 | T78: =VLOOKUP(A78,'[1]Carcass '!$C$10:$G$397,5, FALSE) -> 0.8 | U78: =VLOOKUP(A78,'[1]Carcass '!$C$107:$I$399,7,FALSE) -> 662
A79: 4336 | B79: =VLOOKUP(A79,[1]Assign!$A:$D,4,FALSE) -> 596 | C79: 1 | D79: 205 | E79: =VLOOKUP(A79,[1]Assign!$A:$I,9,FALSE) -> 10% MDGS Constant | F79: =VLOOKUP(A79,'[1]Carcass '!$C$105:$D$397,2,FALSE) -> 806 | G79: =F79/0.63 -> 1279.3651 | H79: =(G79-B79)/196 -> 3.4865565 | I79: =VLOOKUP(D79,'[1]DMO head'!$A$2:$D$49,4,FALSE) -> 21.582642 | J79: =G79-B79 -> 683.36508 | L79: =VLOOKUP(A79,'[1]Carcass '!$C$10:$J$397,8,FALSE) -> 0 | M79: =COUNTIF(L79,"A") -> 0 | N79: =COUNTIF(L79,"A-") -> 0 | O79: =COUNTIF(L79,"A+") -> 0 | P79: =SUM(M79:O79) -> 0 | Q79: =COUNTIF(L79,"C") -> 0 | R79: =VLOOKUP(A79,'[1]Carcass '!$C$107:$E$399,3,FALSE) -> 12.2 | S79: =VLOOKUP(A79,'[1]Carcass '!$C$107:$F$399,4,FALSE) -> 3.82 | T79: =VLOOKUP(A79,'[1]Carcass '!$C$10:$G$397,5, FALSE) -> 0.79 | U79: =VLOOKUP(A79,'[1]Carcass '!$C$107:$I$399,7,FALSE) -> 764
A80: 4747 | B80: =VLOOKUP(A80,[1]Assign!$A:$D,4,FALSE) -> 584 | C80: 1 | D80: 206 | E80: =VLOOKUP(A80,[1]Assign!$A:$I,9,FALSE) -> 10% MDGS Variable | F80: =VLOOKUP(A80,'[1]Carcass '!$C$105:$D$397,2,FALSE) -> 768 | G80: . | H80: . | I80: =VLOOKUP(D80,'[1]DMO head'!$A$2:$D$49,4,FALSE) -> 20.595227 | J80: . | L80: =VLOOKUP(A80,'[1]Carcass '!$C$10:$J$397,8,FALSE) -> A- | M80: =COUNTIF(L80,"A") -> 0 | N80: =COUNTIF(L80,"A-") -> 1 | O80: =COUNTIF(L80,"A+") -> 0 | P80: =SUM(M80:O80) -> 1 | Q80: =COUNTIF(L80,"C") -> 0 | R80: =VLOOKUP(A80,'[1]Carcass '!$C$107:$E$399,3,FALSE) -> 12.2 | S80: =VLOOKUP(A80,'[1]Carcass '!$C$107:$F$399,4,FALSE) -> 3.91
A81: 4769 | B81: =VLOOKUP(A81,[1]Assign!$A:$D,4,FALSE) -> 592 | C81: 1 | D81: 207 | E81: =VLOOKUP(A81,[1]Assign!$A:$I,9,FALSE) -> Control | F81: =VLOOKUP(A81,'[1]Carcass '!$C$105:$D$397,2,FALSE) -> 885 | G81: =F81/0.63 -> 1404.7619 | H81: =(G81-B81)/196 -> 4.1467444 | I81: =VLOOKUP(D81,'[1]DMO head'!$A$2:$D$49,4,FALSE) -> 21.495747 | J81: =G81-B81 -> 812.7619 | L81: =VLOOKUP(A81,'[1]Carcass '!$C$10:$J$397,8,FALSE) -> 0 | M81: =COUNTIF(L81,"A") -> 0 | N81: =COUNTIF(L81,"A-") -> 0 | O81: =COUNTIF(L81,"A+") -> 0 | P81: =SUM(M81:O81) -> 0 | Q81: =COUNTIF(L81,"C") -> 0 | R81: =VLOOKUP(A81,'[1]Carcass '!$C$107:$E$399,3,FALSE) -> 16.5 | S81: =VLOOKUP(A81,'[1]Carcass '!$C$107:$F$399,4,FALSE) -> 3.2 | T81: =VLOOKUP(A81,'[1]Carcass '!$C$10:$G$397,5, FALSE) -> 0.66 | U81: =VLOOKUP(A81,'[1]Carcass '!$C$107:$I$399,7,FALSE) -> 490
A82: 4678 | B82: =VLOOKUP(A82,[1]Assign!$A:$D,4,FALSE) -> 583 | C82: 1 | D82: 208 | E82: =VLOOKUP(A82,[1]Assign!$A:$I,9,FALSE) -> 25% MDGS Variable | F82: =VLOOKUP(A82,'[1]Carcass '!$C$105:$D$397,2,FALSE) -> 827 | G82: =F82/0.63 -> 1312.6984 | H82: =(G82-B82)/196 -> 3.7229511 | I82: =VLOOKUP(D82,'[1]DMO head'!$A$2:$D$49,4,FALSE) -> 22.923741 | J82: =G82-B82 -> 729.69841 | L82: =VLOOKUP(A82,'[1]Carcass '!$C$10:$J$397,8,FALSE) -> 0 | M82: =COUNTIF(L82,"A") -> 0 | N82: =COUNTIF(L82,"A-") -> 0 | O82: =COUNTIF(L82,"A+") -> 0 | P82: =SUM(M82:O82) -> 0 | Q82: =COUNTIF(L82,"C") -> 0 | R82: =VLOOKUP(A82,'[1]Carcass '!$C$107:$E$399,3,FALSE) -> 14.6 | S82: =VLOOKUP(A82,'[1]Carcass '!$C$107:$F$399,4,FALSE) -> 3.7 | T82: =VLOOKUP(A82,'[1]Carcass '!$C$10:$G$397,5, FALSE) -> 0.69 | U82: =VLOOKUP(A82,'[1]Carcass '!$C$107:$I$399,7,FALSE) -> 579
A83: 4391 | B83: =VLOOKUP(A83,[1]Assign!$A:$D,4,FALSE) -> 588 | C83: 1 | D83: 209 | E83: =VLOOKUP(A83,[1]Assign!$A:$I,9,FALSE) -> 25% MDGS Constant | F83: =VLOOKUP(A83,'[1]Carcass '!$C$105:$D$397,2,FALSE) -> 762 | G83: =F83/0.63 -> 1209.5238 | H83: =(G83-B83)/196 -> 3.1710398 | I83: =VLOOKUP(D83,'[1]DMO head'!$A$2:$D$49,4,FALSE) -> 21.321409 | J83: =G83-B83 -> 621.52381 | L83: =VLOOKUP(A83,'[1]Carcass '!$C$10:$J$397,8,FALSE) -> 0 | M83: =COUNTIF(L83,"A") -> 0 | N83: =COUNTIF(L83,"A-") -> 0 | O83: =COUNTIF(L83,"A+") -> 0 | P83: =SUM(M83:O83) -> 0 | Q83: =COUNTIF(L83,"C") -> 0 | R83: =VLOOKUP(A83,'[1]Carcass '!$C$107:$E$399,3,FALSE) -> 12.22 | S83: =VLOOKUP(A83,'[1]Carcass '!$C$107:$F$399,4,FALSE) -> 3.4 | T83: =VLOOKUP(A83,'[1]Carcass '!$C$10:$G$397,5, FALSE) -> 0.8 | U83: =VLOOKUP(A83,'[1]Carcass '!$C$107:$I$399,7,FALSE) -> 462
A84: 4421 | B84: =VLOOKUP(A84,[1]Assign!$A:$D,4,FALSE) -> 587 | C84: 1 | D84: 210 | E84: =VLOOKUP(A84,[1]Assign!$A:$I,9,FALSE) -> 10% MDGS Constant | F84: =VLOOKUP(A84,'[1]Carcass '!$C$105:$D$397,2,FALSE) -> 794 | G84: =F84/0.63 -> 1260.3175 | H84: =(G84-B84)/196 -> 3.4352932 | I84: =VLOOKUP(D84,'[1]DMO head'!$A$2:$D$49,4,FALSE) -> 19.910352 | J84: =G84-B84 -> 673.31746 | L84: =VLOOKUP(A84,'[1]Carcass '!$C$10:$J$397,8,FALSE) -> 0 | M84: =COUNTIF(L84,"A") -> 0 | N84: =COUNTIF(L84,"A-") -> 0 | O84: =COUNTIF(L84,"A+") -> 0 | P84: =SUM(M84:O84) -> 0 | Q84: =COUNTIF(L84,"C") -> 0 | R84: =VLOOKUP(A84,'[1]Carcass '!$C$107:$E$399,3,FALSE) -> 11.97 | S84: =VLOOKUP(A84,'[1]Carcass '!$C$107:$F$399,4,FALSE) -> 3.3 | T84: =VLOOKUP(A84,'[1]Carcass '!$C$10:$G$397,5, FALSE) -> 0.576 | U84: =VLOOKUP(A84,'[1]Carcass '!$C$107:$I$399,7,FALSE) -> 519
A85: 4443 | B85: =VLOOKUP(A85,[1]Assign!$A:$D,4,FALSE) -> 581 | C85: 1 | D85: 211 | E85: =VLOOKUP(A85,[1]Assign!$A:$I,9,FALSE) -> Control | F85: =VLOOKUP(A85,'[1]Carcass '!$C$105:$D$397,2,FALSE) -> 828 | G85: =F85/0.63 -> 1314.2857 | H85: =(G85-B85)/196 -> 3.7412536 | I85: =VLOOKUP(D85,'[1]DMO head'!$A$2:$D$49,4,FALSE) -> 19.728558 | J85: =G85-B85 -> 733.28571 | L85: =VLOOKUP(A85,'[1]Carcass '!$C$10:$J$397,8,FALSE) -> 0 | M85: =COUNTIF(L85,"A") -> 0 | N85: =COUNTIF(L85,"A-") -> 0 | O85: =COUNTIF(L85,"A+") -> 0 | P85: =SUM(M85:O85) -> 0 | Q85: =COUNTIF(L85,"C") -> 0 | R85: =VLOOKUP(A85,'[1]Carcass '!$C$107:$E$399,3,FALSE) -> 15.8 | S85: =VLOOKUP(A85,'[1]Carcass '!$C$107:$F$399,4,FALSE) -> 2.9 | T85: =VLOOKUP(A85,'[1]Carcass '!$C$10:$G$397,5, FALSE) -> 0.36 | U85: =VLOOKUP(A85,'[1]Carcass '!$C$107:$I$399,7,FALSE) -> 634
A86: 4433 | B86: =VLOOKUP(A86,[1]Assign!$A:$D,4,FALSE) -> 596 | C86: 1 | D86: 212 | E86: =VLOOKUP(A86,[1]Assign!$A:$I,9,FALSE) -> 25% MDGS Variable | F86: =VLOOKUP(A86,'[1]Carcass '!$C$105:$D$397,2,FALSE) -> 808 | G86: =F86/0.63 -> 1282.5397 | H86: =(G86-B86)/196 -> 3.5027535 | I86: =VLOOKUP(D86,'[1]DMO head'!$A$2:$D$49,4,FALSE) -> 21.738936 | J86: =G86-B86 -> 686.53968 | L86: =VLOOKUP(A86,'[1]Carcass '!$C$10:$J$397,8,FALSE) -> 0 | M86: =COUNTIF(L86,"A") -> 0 | N86: =COUNTIF(L86,"A-") -> 0 | O86: =COUNTIF(L86,"A+") -> 0 | P86: =SUM(M86:O86) -> 0 | Q86: =COUNTIF(L86,"C") -> 0 | R86: =VLOOKUP(A86,'[1]Carcass '!$C$107:$E$399,3,FALSE) -> 12.22 | S86: =VLOOKUP(A86,'[1]Carcass '!$C$107:$F$399,4,FALSE) -> 3.6 | T86: =VLOOKUP(A86,'[1]Carcass '!$C$10:$G$397,5, FALSE) -> 0.624 | U86: =VLOOKUP(A86,'[1]Carcass '!$C$107:$I$399,7,FALSE) -> 634
A87: 4355 | B87: =VLOOKUP(A87,[1]Assign!$A:$D,4,FALSE) -> 593 | C87: 1 | D87: 213 | E87: =VLOOKUP(A87,[1]Assign!$A:$I,9,FALSE) -> 10% MDGS Variable | F87: =VLOOKUP(A87,'[1]Carcass '!$C$105:$D$397,2,FALSE) -> 803 | G87: . | H87: . | I87: =VLOOKUP(D87,'[1]DMO head'!$A$2:$D$49,4,FALSE) -> 22.955779 | J87: . | L87: =VLOOKUP(A87,'[1]Carcass '!$C$10:$J$397,8,FALSE) -> 0 | M87: =COUNTIF(L87,"A") -> 0 | N87: =COUNTIF(L87,"A-") -> 0 | O87: =COUNTIF(L87,"A+") -> 0 | P87: =SUM(M87:O87) -> 0 | Q87: =COUNTIF(L87,"C") -> 0 | R87: =VLOOKUP(A87,'[1]Carcass '!$C$107:$E$399,3,FALSE) -> 13.4 | S87: =VLOOKUP(A87,'[1]Carcass '!$C$107:$F$399,4,FALSE) -> 3.6 | T87: =VLOOKUP(A87,'[1]Carcass '!$C$10:$G$397,5, FALSE) -> 0.82 | U87: =VLOOKUP(A87,'[1]Carcass '!$C$107:$I$399,7,FALSE) -> 685
A88: 4576 | B88: =VLOOKUP(A88,[1]Assign!$A:$D,4,FALSE) -> 594 | C88: 1 | D88: 214 | E88: =VLOOKUP(A88,[1]Assign!$A:$I,9,FALSE) -> 25% MDGS Constant | F88: =VLOOKUP(A88,'[1]Carcass '!$C$105:$D$397,2,FALSE) -> 840 | G88: =F88/0.63 -> 1333.3333 | H88: =(G88-B88)/196 -> 3.7721088 | I88: =VLOOKUP(D88,'[1]DMO head'!$A$2:$D$49,4,FALSE) -> 22.398785 | J88: =G88-B88 -> 739.33333 | L88: =VLOOKUP(A88,'[1]Carcass '!$C$10:$J$397,8,FALSE) -> 0 | M88: =COUNTIF(L88,"A") -> 0 | N88: =COUNTIF(L88,"A-") -> 0 | O88: =COUNTIF(L88,"A+") -> 0 | P88: =SUM(M88:O88) -> 0 | Q88: =COUNTIF(L88,"C") -> 0 | R88: =VLOOKUP(A88,'[1]Carcass '!$C$107:$E$399,3,FALSE) -> 13.3 | S88: =VLOOKUP(A88,'[1]Carcass '!$C$107:$F$399,4,FALSE) -> 3.4 | T88: =VLOOKUP(A88,'[1]Carcass '!$C$10:$G$397,5, FALSE) -> 0.552 | U88: =VLOOKUP(A88,'[1]Carcass '!$C$107:$I$399,7,FALSE) -> 467
A89: 4483 | B89: =VLOOKUP(A89,[1]Assign!$A:$D,4,FALSE) -> 580 | C89: 1 | D89: 205 | E89: =VLOOKUP(A89,[1]Assign!$A:$I,9,FALSE) -> 10% MDGS Constant | F89: =VLOOKUP(A89,'[1]Carcass '!$C$105:$D$397,2,FALSE) -> 845 | G89: =F89/0.63 -> 1341.2698 | H89: =(G89-B89)/196 -> 3.8840298 | I89: =VLOOKUP(D89,'[1]DMO head'!$A$2:$D$49,4,FALSE) -> 21.582642 | J89: =G89-B89 -> 761.26984 | L89: =VLOOKUP(A89,'[1]Carcass '!$C$10:$J$397,8,FALSE) -> 0 | M89: =COUNTIF(L89,"A") -> 0 | N89: =COUNTIF(L89,"A-") -> 0 | O89: =COUNTIF(L89,"A+") -> 0 | P89: =SUM(M89:O89) -> 0 | Q89: =COUNTIF(L89,"C") -> 0 | R89: =VLOOKUP(A89,'[1]Carcass '!$C$107:$E$399,3,FALSE) -> 15.2 | S89: =VLOOKUP(A89,'[1]Carcass '!$C$107:$F$399,4,FALSE) -> 3.1 | T89: =VLOOKUP(A89,'[1]Carcass '!$C$10:$G$397,5, FALSE) -> 0.53 | U89: =VLOOKUP(A89,'[1]Carcass '!$C$107:$I$399,7,FALSE) -> 652
A90: 4651 | B90: =VLOOKUP(A90,[1]Assign!$A:$D,4,FALSE) -> 581 | C90: 1 | D90: 206 | E90: =VLOOKUP(A90,[1]Assign!$A:$I,9,FALSE) -> 10% MDGS Variable | F90: =VLOOKUP(A90,'[1]Carcass '!$C$105:$D$397,2,FALSE) -> 804 | G90: =F90/0.63 -> 1276.1905 | H90: =(G90-B90)/196 -> 3.5468902 | I90: =VLOOKUP(D90,'[1]DMO head'!$A$2:$D$49,4,FALSE) -> 20.595227 | J90: =G90-B90 -> 695.19048 | L90: =VLOOKUP(A90,'[1]Carcass '!$C$10:$J$397,8,FALSE) -> 0 | M90: =COUNTIF(L90,"A") -> 0 | N90: =COUNTIF(L90,"A-") -> 0 | O90: =COUNTIF(L90,"A+") -> 0 | P90: =SUM(M90:O90) -> 0 | Q90: =COUNTIF(L90,"C") -> 0 | R90: =VLOOKUP(A90,'[1]Carcass '!$C$107:$E$399,3,FALSE) -> 13.4 | S90: =VLOOKUP(A90,'[1]Carcass '!$C$107:$F$399,4,FALSE) -> 3.5 | T90: =VLOOKUP(A90,'[1]Carcass '!$C$10:$G$397,5, FALSE) -> 0.63 | U90: =VLOOKUP(A90,'[1]Carcass '!$C$107:$I$399,7,FALSE) -> 446
A91: 4427 | B91: =VLOOKUP(A91,[1]Assign!$A:$D,4,FALSE) -> 594 | C91: 1 | D91: 207 | E91: =VLOOKUP(A91,[1]Assign!$A:$I,9,FALSE) -> Control | F91: =VLOOKUP(A91,'[1]Carcass '!$C$105:$D$397,2,FALSE) -> 781 | G91: =F91/0.63 -> 1239.6825 | H91: =(G91-B91)/196 -> 3.2942987 | I91: =VLOOKUP(D91,'[1]DMO head'!$A$2:$D$49,4,FALSE) -> 21.495747 | J91: =G91-B91 -> 645.68254 | L91: =VLOOKUP(A91,'[1]Carcass '!$C$10:$J$397,8,FALSE) -> 0 | M91: =COUNTIF(L91,"A") -> 0 | N91: =COUNTIF(L91,"A-") -> 0 | O91: =COUNTIF(L91,"A+") -> 0 | P91: =SUM(M91:O91) -> 0 | Q91: =COUNTIF(L91,"C") -> 0 | R91: =VLOOKUP(A91,'[1]Carcass '!$C$107:$E$399,3,FALSE) -> 14.6 | S91: =VLOOKUP(A91,'[1]Carcass '!$C$107:$F$399,4,FALSE) -> 2.8 | T91: =VLOOKUP(A91,'[1]Carcass '!$C$10:$G$397,5, FALSE) -> 0.47 | U91: =VLOOKUP(A91,'[1]Carcass '!$C$107:$I$399,7,FALSE) -> 420
A92: 4640 | B92: =VLOOKUP(A92,[1]Assign!$A:$D,4,FALSE) -> 594 | C92: 1 | D92: 208 | E92: =VLOOKUP(A92,[1]Assign!$A:$I,9,FALSE) -> 25% MDGS Variable | F92: =VLOOKUP(A92,'[1]Carcass '!$C$105:$D$397,2,FALSE) -> 925 | G92: =F92/0.63 -> 1468.254 | H92: =(G92-B92)/196 -> 4.4604794 | I92: =VLOOKUP(D92,'[1]DMO head'!$A$2:$D$49,4,FALSE) -> 22.923741 | J92: =G92-B92 -> 874.25397 | L92: =VLOOKUP(A92,'[1]Carcass '!$C$10:$J$397,8,FALSE) -> A | M92: =COUNTIF(L92,"A") -> 1 | N92: =COUNTIF(L92,"A-") -> 0 | O92: =COUNTIF(L92,"A+") -> 0 | P92: =SUM(M92:O92) -> 1 | Q92: =COUNTIF(L92,"C") -> 0 | R92: =VLOOKUP(A92,'[1]Carcass '!$C$107:$E$399,3,FALSE) -> 14.7 | S92: =VLOOKUP(A92,'[1]Carcass '!$C$107:$F$399,4,FALSE) -> 3.83 | T92: =VLOOKUP(A92,'[1]Carcass '!$C$10:$G$397,5, FALSE) -> 0.908 | U92: =VLOOKUP(A92,'[1]Carcass '!$C$107:$I$399,7,FALSE) -> 390
A93: 4454 | B93: =VLOOKUP(A93,[1]Assign!$A:$D,4,FALSE) -> 576 | C93: 1 | D93: 209 | E93: =VLOOKUP(A93,[1]Assign!$A:$I,9,FALSE) -> 25% MDGS Constant | F93: =VLOOKUP(A93,'[1]Carcass '!$C$105:$D$397,2,FALSE) -> 771 | G93: =F93/0.63 -> 1223.8095 | H93: =(G93-B93)/196 -> 3.3051506 | I93: =VLOOKUP(D93,'[1]DMO head'!$A$2:$D$49,4,FALSE) -> 21.321409 | J93: =G93-B93 -> 647.80952 | L93: =VLOOKUP(A93,'[1]Carcass '!$C$10:$J$397,8,FALSE) -> 0 | M93: =COUNTIF(L93,"A") -> 0 | N93: =COUNTIF(L93,"A-") -> 0 | O93: =COUNTIF(L93,"A+") -> 0 | P93: =SUM(M93:O93) -> 0 | Q93: =COUNTIF(L93,"C") -> 0 | R93: =VLOOKUP(A93,'[1]Carcass '!$C$107:$E$399,3,FALSE) -> 14.22 | S93: =VLOOKUP(A93,'[1]Carcass '!$C$107:$F$399,4,FALSE) -> 3.23 | T93: =VLOOKUP(A93,'[1]Carcass '!$C$10:$G$397,5, FALSE) -> 0.556 | U93: =VLOOKUP(A93,'[1]Carcass '!$C$107:$I$399,7,FALSE) -> 458
A94: 4572 | B94: =VLOOKUP(A94,[1]Assign!$A:$D,4,FALSE) -> 582 | C94: 1 | D94: 210 | E94: =VLOOKUP(A94,[1]Assign!$A:$I,9,FALSE) -> 10% MDGS Constant | F94: =VLOOKUP(A94,'[1]Carcass '!$C$105:$D$397,2,FALSE) -> 650 | G94: =F94/0.63 -> 1031.746 | H94: =(G94-B94)/196 -> 2.2946226 | I94: =VLOOKUP(D94,'[1]DMO head'!$A$2:$D$49,4,FALSE) -> 19.910352 | J94: =G94-B94 -> 449.74603 | L94: =VLOOKUP(A94,'[1]Carcass '!$C$10:$J$397,8,FALSE) -> 0 | M94: =COUNTIF(L94,"A") -> 0 | N94: =COUNTIF(L94,"A-") -> 0 | O94: =COUNTIF(L94,"A+") -> 0 | P94: =SUM(M94:O94) -> 0 | Q94: =COUNTIF(L94,"C") -> 0 | R94: =VLOOKUP(A94,'[1]Carcass '!$C$107:$E$399,3,FALSE) -> 14.6 | S94: =VLOOKUP(A94,'[1]Carcass '!$C$107:$F$399,4,FALSE) -> 2.85 | T94: =VLOOKUP(A94,'[1]Carcass '!$C$10:$G$397,5, FALSE) -> 0.4 | U94: =VLOOKUP(A94,'[1]Carcass '!$C$107:$I$399,7,FALSE) -> 395
A95: 4767 | B95: =VLOOKUP(A95,[1]Assign!$A:$D,4,FALSE) -> 592 | C95: 1 | D95: 211 | E95: =VLOOKUP(A95,[1]Assign!$A:$I,9,FALSE) -> Control | F95: =VLOOKUP(A95,'[1]Carcass '!$C$105:$D$397,2,FALSE) -> 779 | G95: =F95/0.63 -> 1236.5079 | H95: =(G95-B95)/196 -> 3.2883058 | I95: =VLOOKUP(D95,'[1]DMO head'!$A$2:$D$49,4,FALSE) -> 19.728558 | J95: =G95-B95 -> 644.50794 | L95: =VLOOKUP(A95,'[1]Carcass '!$C$10:$J$397,8,FALSE) -> A | M95: =COUNTIF(L95,"A") -> 1 | N95: =COUNTIF(L95,"A-") -> 0 | O95: =COUNTIF(L95,"A+") -> 0 | P95: =SUM(M95:O95) -> 1 | Q95: =COUNTIF(L95,"C") -> 0 | R95: =VLOOKUP(A95,'[1]Carcass '!$C$107:$E$399,3,FALSE) -> 15.9 | S95: =VLOOKUP(A95,'[1]Carcass '!$C$107:$F$399,4,FALSE) -> 2.8 | T95: =VLOOKUP(A95,'[1]Carcass '!$C$10:$G$397,5, FALSE) -> 0.45 | U95: =VLOOKUP(A95,'[1]Carcass '!$C$107:$I$399,7,FALSE) -> 428
A96: 4490 | B96: =VLOOKUP(A96,[1]Assign!$A:$D,4,FALSE) -> 600 | C96: 1 | D96: 212 | E96: =VLOOKUP(A96,[1]Assign!$A:$I,9,FALSE) -> 25% MDGS Variable | F96: =VLOOKUP(A96,'[1]Carcass '!$C$105:$D$397,2,FALSE) -> 811 | G96: =F96/0.63 -> 1287.3016 | H96: =(G96-B96)/196 -> 3.5066408 | I96: =VLOOKUP(D96,'[1]DMO head'!$A$2:$D$49,4,FALSE) -> 21.738936 | J96: =G96-B96 -> 687.30159 | L96: =VLOOKUP(A96,'[1]Carcass '!$C$10:$J$397,8,FALSE) -> A- | M96: =COUNTIF(L96,"A") -> 0 | N96: =COUNTIF(L96,"A-") -> 1 | O96: =COUNTIF(L96,"A+") -> 0 | P96: =SUM(M96:O96) -> 1 | Q96: =COUNTIF(L96,"C") -> 0 | R96: =VLOOKUP(A96,'[1]Carcass '!$C$107:$E$399,3,FALSE) -> 15 | S96: =VLOOKUP(A96,'[1]Carcass '!$C$107:$F$399,4,FALSE) -> 2.8 | T96: =VLOOKUP(A96,'[1]Carcass '!$C$10:$G$397,5, FALSE) -> 0.32 | U96: =VLOOKUP(A96,'[1]Carcass '!$C$107:$I$399,7,FALSE) -> 531
A97: 4675 | B97: =VLOOKUP(A97,[1]Assign!$A:$D,4,FALSE) -> 583 | C97: 1 | D97: 213 | E97: =VLOOKUP(A97,[1]Assign!$A:$I,9,FALSE) -> 10% MDGS Variable | F97: =VLOOKUP(A97,'[1]Carcass '!$C$105:$D$397,2,FALSE) -> 764 | G97: =F97/0.63 -> 1212.6984 | H97: =(G97-B97)/196 -> 3.212747 | I97: =VLOOKUP(D97,'[1]DMO head'!$A$2:$D$49,4,FALSE) -> 22.955779 | J97: =G97-B97 -> 629.69841 | L97: =VLOOKUP(A97,'[1]Carcass '!$C$10:$J$397,8,FALSE) -> 0 | M97: =COUNTIF(L97,"A") -> 0 | N97: =COUNTIF(L97,"A-") -> 0 | O97: =COUNTIF(L97,"A+") -> 0 | P97: =SUM(M97:O97) -> 0 | Q97: =COUNTIF(L97,"C") -> 0 | R97: =VLOOKUP(A97,'[1]Carcass '!$C$107:$E$399,3,FALSE) -> 12.93 | S97: =VLOOKUP(A97,'[1]Carcass '!$C$107:$F$399,4,FALSE) -> 3.82 | T97: =VLOOKUP(A97,'[1]Carcass '!$C$10:$G$397,5, FALSE) -> 0.728 | U97: =VLOOKUP(A97,'[1]Carcass '!$C$107:$I$399,7,FALSE) -> 860
A98: 4649 | B98: =VLOOKUP(A98,[1]Assign!$A:$D,4,FALSE) -> 582 | C98: 1 | D98: 214 | E98: =VLOOKUP(A98,[1]Assign!$A:$I,9,FALSE) -> 25% MDGS Constant | F98: =VLOOKUP(A98,'[1]Carcass '!$C$105:$D$397,2,FALSE) -> 798 | G98: =F98/0.63 -> 1266.6667 | H98: =(G98-B98)/196 -> 3.4931973 | I98: =VLOOKUP(D98,'[1]DMO head'!$A$2:$D$49,4,FALSE) -> 22.398785 | J98: =G98-B98 -> 684.66667 | L98: =VLOOKUP(A98,'[1]Carcass '!$C$10:$J$397,8,FALSE) -> 0 | M98: =COUNTIF(L98,"A") -> 0 | N98: =COUNTIF(L98,"A-") -> 0 | O98: =COUNTIF(L98,"A+") -> 0 | P98: =SUM(M98:O98) -> 0 | Q98: =COUNTIF(L98,"C") -> 0 | R98: =VLOOKUP(A98,'[1]Carcass '!$C$107:$E$399,3,FALSE) -> 13.2 | S98: =VLOOKUP(A98,'[1]Carcass '!$C$107:$F$399,4,FALSE) -> 3.4
A99: 4471 | B99: =VLOOKUP(A99,[1]Assign!$A:$D,4,FALSE) -> 599 | C99: 2 | D99: 215 | E99: =VLOOKUP(A99,[1]Assign!$A:$I,9,FALSE) -> 10% MDGS Variable | F99: =VLOOKUP(A99,'[1]Carcass '!$C$105:$D$397,2,FALSE) -> 879 | G99: =F99/0.63 -> 1395.2381 | H99: =(G99-B99)/196 -> 4.0624393 | I99: =VLOOKUP(D99,'[1]DMO head'!$A$2:$D$49,4,FALSE) -> 21.579785 | J99: =G99-B99 -> 796.2381 | L99: =VLOOKUP(A99,'[1]Carcass '!$C$10:$J$397,8,FALSE) -> C | M99: =COUNTIF(L99,"A") -> 0 | N99: =COUNTIF(L99,"A-") -> 0 | O99: =COUNTIF(L99,"A+") -> 0 | P99: =SUM(M99:O99) -> 0 | Q99: =COUNTIF(L99,"C") -> 1 | R99: =VLOOKUP(A99,'[1]Carcass '!$C$107:$E$399,3,FALSE) -> . | S99: =VLOOKUP(A99,'[1]Carcass '!$C$107:$F$399,4,FALSE) -> .
A100: 4639 | B100: =VLOOKUP(A100,[1]Assign!$A:$D,4,FALSE) -> 598 | C100: 2 | D100: 216 | E100: =VLOOKUP(A100,[1]Assign!$A:$I,9,FALSE) -> 10% MDGS Constant | F100: =VLOOKUP(A100,'[1]Carcass '!$C$105:$D$397,2,FALSE) -> 774 | G100: =F100/0.63 -> 1228.5714 | H100: =(G100-B100)/196 -> 3.2172012 | I100: =VLOOKUP(D100,'[1]DMO head'!$A$2:$D$49,4,FALSE) -> 21.830062 | J100: =G100-B100 -> 630.57143 | L100: =VLOOKUP(A100,'[1]Carcass '!$C$10:$J$397,8,FALSE) -> A- | M100: =COUNTIF(L100,"A") -> 0 | N100: =COUNTIF(L100,"A-") -> 1 | O100: =COUNTIF(L100,"A+") -> 0 | P100: =SUM(M100:O100) -> 1 | Q100: =COUNTIF(L100,"C") -> 0 | R100: =VLOOKUP(A100,'[1]Carcass '!$C$107:$E$399,3,FALSE) -> 12.7 | S100: =VLOOKUP(A100,'[1]Carcass '!$C$107:$F$399,4,FALSE) -> 3.9 | T100: =VLOOKUP(A100,'[1]Carcass '!$C$10:$G$397,5, FALSE) -> 0.76 | U100: =VLOOKUP(A100,'[1]Carcass '!$C$107:$I$399,7,FALSE) -> 684
A101: 4611 | B101: =VLOOKUP(A101,[1]Assign!$A:$D,4,FALSE) -> 596 | C101: 2 | D101: 301 | E101: =VLOOKUP(A101,[1]Assign!$A:$I,9,FALSE) -> 25% MDGS Constant | F101: =VLOOKUP(A101,'[1]Carcass '!$C$105:$D$397,2,FALSE) -> 818 | G101: =F101/0.63 -> 1298.4127 | H101: =(G101-B101)/196 -> 3.5837383 | I101: =VLOOKUP(D101,'[1]DMO head'!$A$2:$D$49,4,FALSE) -> 22.630176 | J101: =G101-B101 -> 702.4127 | L101: =VLOOKUP(A101,'[1]Carcass '!$C$10:$J$397,8,FALSE) -> 0 | M101: =COUNTIF(L101,"A") -> 0 | N101: =COUNTIF(L101,"A-") -> 0 | O101: =COUNTIF(L101,"A+") -> 0 | P101: =SUM(M101:O101) -> 0 | Q101: =COUNTIF(L101,"C") -> 0 | R101: =VLOOKUP(A101,'[1]Carcass '!$C$107:$E$399,3,FALSE) -> 14.2 | S101: =VLOOKUP(A101,'[1]Carcass '!$C$107:$F$399,4,FALSE) -> 3.3 | T101: =VLOOKUP(A101,'[1]Carcass '!$C$10:$G$397,5, FALSE) -> 0.54 | U101: =VLOOKUP(A101,'[1]Carcass '!$C$107:$I$399,7,FALSE) -> 464
...

Sheet Livers 2 Important
A1: Block | B1: Pen | C1: Treatment | D1: Abscess | E1: N
A2: 1 | B2: 210 | C2: 10% MDGS Constant | D2: 0 | E2: 8
A3: 1 | B3: 213 | C3: 10% MDGS Variable | D3: 1 | E3: 8
A4: 2 | B4: 311 | C4: 10% MDGS Constant | D4: 1 | E4: 8
A5: 2 | B5: 315 | C5: 25% MDGS Constant | D5: 1 | E5: 9
A6: 2 | B6: 318 | C6: 10% MDGS Variable | D6: 1 | E6: 7
A7: 1 | B7: 205 | C7: 10% MDGS Constant | D7: 2 | E7: 9
A8: 1 | B8: 207 | C8: Control | D8: 2 | E8: 9
A9: 1 | B9: 211 | C9: Control | D9: 2 | E9: 10
A10: 1 | B10: 214 | C10: 25% MDGS Constant | D10: 2 | E10: 8
A11: 2 | B11: 305 | C11: 10% MDGS Constant | D11: 2 | E11: 8
A12: 2 | B12: 306 | C12: Control | D12: 2 | E12: 7
A13: 1 | B13: 209 | C13: 25% MDGS Constant | D13: 3 | E13: 8
... A41: 3 | B41: 414 | C41: 10% MDGS Variable | D41: 8 | E41: 10

Sheet Assign
A1: Lnk_AnID | B1: 45257 | C1: 45258 | D1: Average | E1: Block | F1: Strat | G1: Rand | H1: Pen | I1: TRT | K1: Trt | L1: Initial | M1: Hd | Q1: Pen | R1: Block | S1: Rep | T1: Rand | U1: TRT | V1: Pen | W1: Initial | X1: Initial Kg | Y1: Final | Z1: Final Kg | AA1: DMI | AB1: DMI Kg | AC1: ADG | AD1: ADG Kg | AE1: NEm | AF1: NEg | AG1: ME | AH1: Pen
A2: 4437 | B2: =VLOOKUP(A2,'[1]Nebris 11.27'!E:I,5,FALSE) -> 554 | C2: =VLOOKUP(A2,'[1]Nebris 11.28.23'!$E:$I,5,FALSE) -> 568 | D2: =AVERAGE(B2:C2) -> 561 | E2: 1 | F2: 1 | G2: 0.13223911 | H2: 205 | I2: =VLOOKUP(H2,$Q$2:$U$41,5,FALSE) -> 10% MDGS Constant | K2: Control | L2: =AVERAGEIF($I$2:$I$577,K2,$D$2:$D$577) -> 631.9375 | M2: =COUNTIF($I$2:$I$577,K2) -> 80 | O2: =(1450-630)/3.5 -> 234.28571 | Q2: 205 | R2: 1 | S2: 1 | T2: 0.44075806 | U2: 10% MDGS Constant | V2: 205 | W2: =AVERAGEIF($H$2:$H$577,Q2,$D$2:$D$577) -> 572.4 | X2: =W2*0.4536 -> 259.64064 | Y2: ='[1]Final Performance'!AC2 -> 1233.1746 | Z2: =Y2*0.4536 -> 559.368 | AA2: ='[1]Final Performance'!AE2 -> 21.582642 | AB2: =AA2*0.4536 -> 9.7898866 | AC2: 3.371299 | AD2: =AC2*0.4536 -> 1.5292212 | AE2: 1.79 | AF2: 1.16 | AG2: 2.72 | AH2: 205 | AI2: 595 stays for target end point BW
A3: 4315 | B3: =VLOOKUP(A3,'[1]Nebris 11.27'!E:I,5,FALSE) -> 554 | C3: =VLOOKUP(A3,'[1]Nebris 11.28.23'!$E:$I,5,FALSE) -> 554 | D3: =AVERAGE(B3:C3) -> 554 | E3: 1 | F3: 1 | G3: 0.16749633 | H3: 206 | I3: =VLOOKUP(H3,$Q$2:$U$57,5,FALSE) -> 10% MDGS Variable | K3: 10% MDGS Constant | L3: =AVERAGEIF($I$2:$I$577,K3,$D$2:$D$577) -> 631.95625 | M3: =COUNTIF($I$2:$I$577,K3) -> 80 | Q3: 206 | R3: 1 | S3: 1 | T3: 0.49100692 | U3: 10% MDGS Variable | V3: 206 | W3: =AVERAGEIF($H$2:$H$577,Q3,$D$2:$D$577) -> 575.4 | X3: =W3*0.4536 -> 261.00144 | Y3: ='[1]Final Performance'!AC3 -> 1232.1429 | Z3: =Y3*0.4536 -> 558.9 | AA3: ='[1]Final Performance'!AE3 -> 20.595227 | AB3: =AA3*0.4536 -> 9.341995 | AC3: 3.359785 | AD3: =AC3*0.4536 -> 1.5239985 | AE3: 1.87 | AF3: 1.23 | AG3: 2.81 | AH3: 206
A4: 4322 | B4: =VLOOKUP(A4,'[1]Nebris 11.27'!E:I,5,FALSE) -> 554 | C4: =VLOOKUP(A4,'[1]Nebris 11.28.23'!$E:$I,5,FALSE) -> 576 | D4: =AVERAGE(B4:C4) -> 565 | E4: 1 | F4: 1 | G4: 0.4179676 | H4: 207 | I4: =VLOOKUP(H4,$Q$2:$U$57,5,FALSE) -> Control | K4: 10% MDGS Variable | L4: =AVERAGEIF($I$2:$I$577,K4,$D$2:$D$577) -> 631.6625 | M4: =COUNTIF($I$2:$I$577,K4) -> 80 | Q4: 207 | R4: 1 | S4: 1 | T4: 0.64886895 | U4: Control | V4: 207 | W4: =AVERAGEIF($H$2:$H$577,Q4,$D$2:$D$577) -> 579 | X4: =W4*0.4536 -> 262.6344 | Y4: ='[1]Final Performance'!AC4 -> 1273.3333 | Z4: =Y4*0.4536 -> 577.584 | AA4: ='[1]Final Performance'!AE4 -> 21.495747 | AB4: =AA4*0.4536 -> 9.7504709 | AC4: 3.542517 | AD4: =AC4*0.4536 -> 1.6068857 | AE4: 1.88 | AF4: 1.24 | AG4: 2.81 | AH4: 207
A5: 4743 | B5: =VLOOKUP(A5,'[1]Nebris 11.27'!E:I,5,FALSE) -> 556 | C5: =VLOOKUP(A5,'[1]Nebris 11.28.23'!$E:$I,5,FALSE) -> 554 | D5: =AVERAGE(B5:C5) -> 555 | E5: 1 | F5: 1 | G5: 0.46486563 | H5: 208 | I5: =VLOOKUP(H5,$Q$2:$U$57,5,FALSE) -> 25% MDGS Variable | K5: 25% MDGS Constant | L5: =AVERAGEIF($I$2:$I$577,K5,$D$2:$D$577) -> 630.7375 | M5: =COUNTIF($I$2:$I$577,K5) -> 80 | Q5: 208 | R5: 1 | S5: 1 | T5: 0.92391597 | U5: 25% MDGS Variable | V5: 208 | W5: =AVERAGEIF($H$2:$H$577,Q5,$D$2:$D$577) -> 576.6 | X5: =W5*0.4536 -> 261.54576 | Y5: ='[1]Final Performance'!AC5 -> 1296.0317 | Z5: =Y5*0.4536 -> 587.88 | AA5: ='[1]Final Performance'!AE5 -> 22.923741 | AB5: =AA5*0.4536 -> 10.398209 | AC5: 3.6506722 | AD5: =AC5*0.4536 -> 1.6559449 | AE5: 1.83 | AF5: 1.19 | AG5: 2.76 | AH5: 208
A6: 4765 | B6: =VLOOKUP(A6,'[1]Nebris 11.27'!E:I,5,FALSE) -> 552 | C6: =VLOOKUP(A6,'[1]Nebris 11.28.23'!$E:$I,5,FALSE) -> 560 | D6: =AVERAGE(B6:C6) -> 556 | E6: 1 | F6: 1 | G6: 0.49088538 | H6: 209 | I6: =VLOOKUP(H6,$Q$2:$U$57,5,FALSE) -> 25% MDGS Constant | K6: 25% MDGS Variable | L6: =AVERAGEIF($I$2:$I$577,K6,$D$2:$D$577) -> 633.1 | M6: =COUNTIF($I$2:$I$577,K6) -> 80 | Q6: 209 | R6: 1 | S6: 1 | T6: 0.98398342 | U6: 25% MDGS Constant | V6: 209 | W6: =AVERAGEIF($H$2:$H$577,Q6,$D$2:$D$577) -> 572 | X6: =W6*0.4536 -> 259.4592 | Y6: ='[1]Final Performance'!AC6 -> 1222.7513 | Z6: =Y6*0.4536 -> 554.64 | AA6: ='[1]Final Performance'!AE6 -> 21.321409 | AB6: =AA6*0.4536 -> 9.6713911 | AC6: 3.3122233 | AD6: =AC6*0.4536 -> 1.5024245 | AE6: 1.78 | AF6: 1.15 | AG6: 2.71 | AH6: 209
A7: 4744 | B7: =VLOOKUP(A7,'[1]Nebris 11.27'!E:I,5,FALSE) -> 556 | C7: =VLOOKUP(A7,'[1]Nebris 11.28.23'!$E:$I,5,FALSE) -> 552 | D7: =AVERAGE(B7:C7) -> 554 | E7: 1 | F7: 1 | G7: 0.50464714 | H7: 210 | I7: =VLOOKUP(H7,$Q$2:$U$57,5,FALSE) -> 10% MDGS Constant | L7: =MAX(L2:L6)-MIN(L2:L6) -> 2.3625 | Q7: 210 | R7: 1 | S7: 2 | T7: 0.2934528 | U7: 10% MDGS Constant | V7: 210 | W7: =AVERAGEIF($H$2:$H$577,Q7,$D$2:$D$577) -> 573.95 | X7: =W7*0.4536 -> 260.34372 | Y7: ='[1]Final Performance'!AC7 -> 1227.3369 | Z7: =Y7*0.4536 -> 556.72 | AA7: ='[1]Final Performance'!AE7 -> 19.910352 | AB7: =AA7*0.4536 -> 9.0313356 | AC7: 3.3290996 | AD7: =AC7*0.4536 -> 1.5100796 | AE7: 1.91 | AF7: 1.26 | AG7: 2.85 | AH7: 210
A8: 4773 | B8: =VLOOKUP(A8,'[1]Nebris 11.27'!E:I,5,FALSE) -> 554 | C8: =VLOOKUP(A8,'[1]Nebris 11.28.23'!$E:$I,5,FALSE) -> 578 | D8: =AVERAGE(B8:C8) -> 566 | E8: 1 | F8: 1 | G8: 0.50851689 | H8: 211 | I8: =VLOOKUP(H8,$Q$2:$U$57,5,FALSE) -> Control | Q8: 211 | R8: 1 | S8: 2 | T8: 0.44821537 | U8: Control | V8: 211 | W8: =AVERAGEIF($H$2:$H$577,Q8,$D$2:$D$577) -> 575.4 | X8: =W8*0.4536 -> 261.00144 | Y8: ='[1]Final Performance'!AC8 -> 1194.4444 | Z8: =Y8*0.4536 -> 541.8 | AA8: ='[1]Final Performance'!AE8 -> 19.728558 | AB8: =AA8*0.4536 -> 8.9488738 | AC8: 3.15839 | AD8: =AC8*0.4536 -> 1.4326457 | AE8: 1.85 | AF8: 1.21 | AG8: 2.79 | AH8: 211
A9: 4739 | B9: =VLOOKUP(A9,'[1]Nebris 11.27'!E:I,5,FALSE) -> 556 | C9: =VLOOKUP(A9,'[1]Nebris 11.28.23'!$E:$I,5,FALSE) -> 554 | D9: =AVERAGE(B9:C9) -> 555 | E9: 1 | F9: 1 | G9: 0.61147469 | H9: 212 | I9: =VLOOKUP(H9,$Q$2:$U$57,5,FALSE) -> 25% MDGS Variable | K9: Block | O9: Reps | Q9: 212 | R9: 1 | S9: 2 | T9: 0.88326655 | U9: 25% MDGS Variable | V9: 212 | W9: =AVERAGEIF($H$2:$H$577,Q9,$D$2:$D$577) -> 575.6 | X9: =W9*0.4536 -> 261.09216 | Y9: ='[1]Final Performance'!AC9 -> 1267.4603 | Z9: =Y9*0.4536 -> 574.92 | AA9: ='[1]Final Performance'!AE9 -> 21.738936 | AB9: =AA9*0.4536 -> 9.8607812 | AC9: 3.5298996 | AD9: =AC9*0.4536 -> 1.6011624 | AE9: 1.85 | AF9: 1.21 | AG9: 2.78 | AH9: 212
A10: 4485 | B10: =VLOOKUP(A10,'[1]Nebris 11.27'!E:I,5,FALSE) -> 556 | C10: =VLOOKUP(A10,'[1]Nebris 11.28.23'!$E:$I,5,FALSE) -> 558 | D10: =AVERAGE(B10:C10) -> 557 | E10: 1 | F10: 1 | G10: 0.7250652 | H10: 213 | I10: =VLOOKUP(H10,$Q$2:$U$57,5,FALSE) -> 10% MDGS Variable | K10: 1 | L10: =AVERAGEIF($E$2:$E$577,K10,$B$2:$B$577) -> 572.89 | M10: =COUNTIF($E$2:$E$577,K10) -> 100 | N10: 10 pens | O10: 2 | Q10: 213 | R10: 1 | S10: 2 | T10: 0.89946529 | U10: 10% MDGS Variable | V10: 213 | W10: =AVERAGEIF($H$2:$H$577,Q10,$D$2:$D$577) -> 571.9 | X10: =W10*0.4536 -> 259.41384 | Y10: ='[1]Final Performance'!AC10 -> 1360.8466 | Z10: =Y10*0.4536 -> 617.28 | AA10: ='[1]Final Performance'!AE10 -> 22.955779 | AB10: =AA10*0.4536 -> 10.412741 | AC10: 4.037199 | AD10: =AC10*0.4536 -> 1.8312735 | AE10: 1.97 | AF10: 1.32 | AG10: 2.93 | AH10: 213
A11: 4603 | B11: =VLOOKUP(A11,'[1]Nebris 11.27'!E:I,5,FALSE) -> 554 | C11: =VLOOKUP(A11,'[1]Nebris 11.28.23'!$E:$I,5,FALSE) -> 570 | D11: =AVERAGE(B11:C11) -> 562 | E11: 1 | F11: 1 | G11: 0.74773755 | H11: 214 | I11: =VLOOKUP(H11,$Q$2:$U$57,5,FALSE) -> 25% MDGS Constant | K11: 2 | L11: =AVERAGEIF($E$2:$E$577,K11,$B$2:$B$577) -> 626.53 | M11: =COUNTIF($E$2:$E$577,K11) -> 200 | N11: 20 pens | O11: 4 | Q11: 214 | R11: 1 | S11: 2 | T11: 0.9803855 | U11: 25% MDGS Constant | V11: 214 | W11: =AVERAGEIF($H$2:$H$577,Q11,$D$2:$D$577) -> 574 | X11: =W11*0.4536 -> 260.3664 | Y11: ='[1]Final Performance'!AC11 -> 1311.2698 | Z11: =Y11*0.4536 -> 594.792 | AA11: ='[1]Final Performance'!AE11 -> 22.398785 | AB11: =AA11*0.4536 -> 10.160089 | AC11: 3.7615808 | AD11: =AC11*0.4536 -> 1.7062531 | AE11: 1.9 | AF11: 1.25 | AG11: 2.84 | AH11: 214
A12: 4683 | B12: =VLOOKUP(A12,'[1]Nebris 11.27'!E:I,5,FALSE) -> 558 | C12: =VLOOKUP(A12,'[1]Nebris 11.28.23'!$E:$I,5,FALSE) -> 550 | D12: =AVERAGE(B12:C12) -> 554 | E12: 1 | F12: 2 | G12: 0.073321961 | H12: 205 | I12: =VLOOKUP(H12,$Q$2:$U$57,5,FALSE) -> 10% MDGS Constant | K12: 3 | L12: =AVERAGEIF($E$2:$E$577,K12,$B$2:$B$577) -> 697.02 | M12: =COUNTIF($E$2:$E$577,K12) -> 100 | N12: 10 pens | O12: 2 | Q12: 215 | R12: 2 | S12: 3 | T12: 0.27775314 | U12: 10% MDGS Variable | V12: 215 | W12: =AVERAGEIF($H$2:$H$577,Q12,$D$2:$D$577) -> 629.6 | X12: =W12*0.4536 -> 285.58656 | Y12: ='[1]Final Performance'!AC12 -> 1323.9859 | Z12: =Y12*0.4536 -> 600.56 | AA12: ='[1]Final Performance'!AE12 -> 21.579785 | AB12: =AA12*0.4536 -> 9.7885905 | AC12: 3.5430119 | AD12: =AC12*0.4536 -> 1.6071102 | AE12: 1.94 | AF12: 1.29 | AG12: 2.89 | AH12: 215
A13: 4313 | B13: =VLOOKUP(A13,'[1]Nebris 11.27'!E:I,5,FALSE) -> 560 | C13: =VLOOKUP(A13,'[1]Nebris 11.28.23'!$E:$I,5,FALSE) -> 560 | D13: =AVERAGE(B13:C13) -> 560 | E13: 1 | F13: 2 | G13: 0.080928873 | H13: 206 | I13: =VLOOKUP(H13,$Q$2:$U$57,5,FALSE) -> 10% MDGS Variable | Q13: 216 | R13: 2 | S13: 3 | T13: 0.51430711 | U13: 10% MDGS Constant | V13: 216 | W13: =AVERAGEIF($H$2:$H$577,Q13,$D$2:$D$577) -> 625.1 | X13: =W13*0.4536 -> 283.54536 | Y13: ='[1]Final Performance'!AC13 -> 1275.873 | Z13: =Y13*0.4536 -> 578.736 | AA13: ='[1]Final Performance'!AE13 -> 21.830062 | AB13: =AA13*0.4536 -> 9.9021163 | AC13: 3.3202705 | AD13: =AC13*0.4536 -> 1.5060747 | AE13: 1.83 | AF13: 1.19 | AG13: 2.75 | AH13: 216
A14: 4418 | B14: =VLOOKUP(A14,'[1]Nebris 11.27'!E:I,5,FALSE) -> 558 | C14: =VLOOKUP(A14,'[1]Nebris 11.28.23'!$E:$I,5,FALSE) -> 586 | D14: =AVERAGE(B14:C14) -> 572 | E14: 1 | F14: 2 | G14: 0.086370454 | H14: 207 | I14: =VLOOKUP(H14,$Q$2:$U$57,5,FALSE) -> Control | Q14: 301 | R14: 2 | S14: 3 | T14: 0.82991235 | U14: 25% MDGS Constant | V14: 301 | W14: =AVERAGEIF($H$2:$H$577,Q14,$D$2:$D$577) -> 627.9 | X14: =W14*0.4536 -> 284.81544 | Y14: ='[1]Final Performance'!AC14 -> 1365.873 | Z14: =Y14*0.4536 -> 619.56 | AA14: ='[1]Final Performance'!AE14 -> 22.630176 | AB14: =AA14*0.4536 -> 10.265048 | AC14: 3.7651684 | AD14: =AC14*0.4536 -> 1.7078804 | AE14: 1.95 | AF14: 1.3 | AG14: 2.9 | AH14: 301
A15: 4376 | B15: =VLOOKUP(A15,'[1]Nebris 11.27'!E:I,5,FALSE) -> 560 | C15: =VLOOKUP(A15,'[1]Nebris 11.28.23'!$E:$I,5,FALSE) -> 580 | D15: =AVERAGE(B15:C15) -> 570 | E15: 1 | F15: 2 | G15: 0.51308819 | H15: 208 | I15: =VLOOKUP(H15,$Q$2:$U$57,5,FALSE) -> 25% MDGS Variable | Q15: 302 | R15: 2 | S15: 3 | T15: 0.973114 | U15: 25% MDGS Variable | V15: 302 | W15: =AVERAGEIF($H$2:$H$577,Q15,$D$2:$D$577) -> 629.9 | X15: =W15*0.4536 -> 285.72264 | Y15: ='[1]Final Performance'!AC15 -> 1319.4444 | Z15: =Y15*0.4536 -> 598.5 | AA15: ='[1]Final Performance'!AE15 -> 21.718133 | AB15: =AA15*0.4536 -> 9.8513452 | AC15: 3.524589 | AD15: =AC15*0.4536 -> 1.5987536 | AE15: 1.91 | AF15: 1.27 | AG15: 2.86 | AH15: 302
A16: 4605 | B16: =VLOOKUP(A16,'[1]Nebris 11.27'!E:I,5,FALSE) -> 558 | C16: =VLOOKUP(A16,'[1]Nebris 11.28.23'!$E:$I,5,FALSE) -> 558 | D16: =AVERAGE(B16:C16) -> 558 | E16: 1 | F16: 2 | G16: 0.54242732 | H16: 209 | I16: =VLOOKUP(H16,$Q$2:$U$57,5,FALSE) -> 25% MDGS Constant | Q16: 303 | R16: 2 | S16: 3 | T16: 0.97591178 | U16: Control | V16: 303 | W16: =AVERAGEIF($H$2:$H$577,Q16,$D$2:$D$577) -> 627.3 | X16: =W16*0.4536 -> 284.54328 | Y16: ='[1]Final Performance'!AC16 -> 1320.4762 | Z16: =Y16*0.4536 -> 598.968 | AA16: ='[1]Final Performance'!AE16 -> 21.25678 | AB16: =AA16*0.4536 -> 9.6420755 | AC16: 3.5366132 | AD16: =AC16*0.4536 -> 1.6042078 | AE16: 1.96 | AF16: 1.31 | AG16: 2.92 | AH16: 303
A17: 4337 | B17: =VLOOKUP(A17,'[1]Nebris 11.27'!E:I,5,FALSE) -> 558 | C17: =VLOOKUP(A17,'[1]Nebris 11.28.23'!$E:$I,5,FALSE) -> 574 | D17: =AVERAGE(B17:C17) -> 566 | E17: 1 | F17: 2 | G17: 0.62471381 | H17: 210 | I17: =VLOOKUP(H17,$Q$2:$U$57,5,FALSE) -> 10% MDGS Constant | Q17: 304 | R17: 2 | S17: 4 | T17: 0.01344788 | U17: 10% MDGS Variable | V17: 304 | W17: =AVERAGEIF($H$2:$H$577,Q17,$D$2:$D$577) -> 628.1 | X17: =W17*0.4536 -> 284.90616 | Y17: ='[1]Final Performance'!AC17 -> 1283.7302 | Z17: =Y17*0.4536 -> 582.3 | AA17: ='[1]Final Performance'!AE17 -> 21.282594 | AB17: =AA17*0.4536 -> 9.6537849 | AC17: 3.3417355 | AD17: =AC17*0.4536 -> 1.5158112 | AE17: 1.87 | AF17: 1.23 | AG17: 2.81 | AH17: 304
A18: 4365 | B18: =VLOOKUP(A18,'[1]Nebris 11.27'!E:I,5,FALSE) -> 558 | C18: =VLOOKUP(A18,'[1]Nebris 11.28.23'!$E:$I,5,FALSE) -> 574 | D18: =AVERAGE(B18:C18) -> 566 | E18: 1 | F18: 2 | G18: 0.71135622 | H18: 211 | I18: =VLOOKUP(H18,$Q$2:$U$57,5,FALSE) -> Control | Q18: 305 | R18: 2 | S18: 4 | T18: 0.43508579 | U18: 10% MDGS Constant | V18: 305 | W18: =AVERAGEIF($H$2:$H$577,Q18,$D$2:$D$577) -> 626.3 | X18: =W18*0.4536 -> 284.08968 | Y18: ='[1]Final Performance'!AC18 -> 1296.649 | Z18: =Y18*0.4536 -> 588.16 | AA18: ='[1]Final Performance'!AE18 -> 20.599574 | AB18: =AA18*0.4536 -> 9.3439667 | AC18: 3.4114746 | AD18: =AC18*0.4536 -> 1.5474449 | AE18: 1.96 | AF18: 1.31 | AG18: 2.92 | AH18: 305
A19: 4502 | B19: =VLOOKUP(A19,'[1]Nebris 11.27'!E:I,5,FALSE) -> 558 | C19: =VLOOKUP(A19,'[1]Nebris 11.28.23'!$E:$I,5,FALSE) -> 570 | D19: =AVERAGE(B19:C19) -> 564 | E19: 1 | F19: 2 | G19: 0.83731892 | H19: 212 | I19: =VLOOKUP(H19,$Q$2:$U$57,5,FALSE) -> 25% MDGS Variable | Q19: 306 | R19: 2 | S19: 4 | T19: 0.48109753 | U19: Control | V19: 306 | W19: =AVERAGEIF($H$2:$H$577,Q19,$D$2:$D$577) -> 624.4 | X19: =W19*0.4536 -> 283.22784 | Y19: ='[1]Final Performance'!AC19 -> 1315.5203 | Z19: =Y19*0.4536 -> 596.72 | AA19: ='[1]Final Performance'!AE19 -> 23.243543 | AB19: =AA19*0.4536 -> 10.543271 | AC19: 3.5196613 | AD19: =AC19*0.4536 -> 1.5965184 | AE19: 1.82 | AF19: 1.18 | AG19: 2.74 | AH19: 306
A20: 4755 | B20: =VLOOKUP(A20,'[1]Nebris 11.27'!E:I,5,FALSE) -> 558 | C20: =VLOOKUP(A20,'[1]Nebris 11.28.23'!$E:$I,5,FALSE) -> 544 | D20: =AVERAGE(B20:C20) -> 551 | E20: 1 | F20: 2 | G20: 0.86435 | H20: 213 | I20: =VLOOKUP(H20,$Q$2:$U$57,5,FALSE) -> 10% MDGS Variable | Q20: 307 | R20: 2 | S20: 4 | T20: 0.54707952 | U20: 25% MDGS Variable | V20: 307 | W20: =AVERAGEIF($H$2:$H$577,Q20,$D$2:$D$577) -> 624.7 | X20: =W20*0.4536 -> 283.36392 | Y20: ='[1]Final Performance'!AC20 -> 1322.6984 | Z20: =Y20*0.4536 -> 599.976 | AA20: ='[1]Final Performance'!AE20 -> 21.697159 | AB20: =AA20*0.4536 -> 9.8418313 | AC20: 3.5612164 | AD20: =AC20*0.4536 -> 1.6153678 | AE20: 1.94 | AF20: 1.29 | AG20: 2.89 | AH20: 307
A21: 4460 | B21: =VLOOKUP(A21,'[1]Nebris 11.27'!E:I,5,FALSE) -> 560 | C21: =VLOOKUP(A21,'[1]Nebris 11.28.23'!$E:$I,5,FALSE) -> 552 | D21: =AVERAGE(B21:C21) -> 556 | E21: 1 | F21: 2 | G21: 0.91464544 | H21: 214 | I21: =VLOOKUP(H21,$Q$2:$U$57,5,FALSE) -> 25% MDGS Constant | Q21: 308 | R21: 2 | S21: 4 | T21: 0.88115405 | U21: 25% MDGS Constant | V21: 308 | W21: =AVERAGEIF($H$2:$H$577,Q21,$D$2:$D$577) -> 626.7 | X21: =W21*0.4536 -> 284.27112 | Y21: ='[1]Final Performance'!AC21 -> 1371.746 | Z21: =Y21*0.4536 -> 622.224 | AA21: ='[1]Final Performance'!AE21 -> 23.183092 | AB21: =AA21*0.4536 -> 10.515851 | AC21: 3.8012553 | AD21: =AC21*0.4536 -> 1.7242494 | AE21: 1.93 | AF21: 1.28 | AG21: 2.87 | AH21: 308
A22: 4317 | B22: =VLOOKUP(A22,'[1]Nebris 11.27'!E:I,5,FALSE) -> 562 | C22: =VLOOKUP(A22,'[1]Nebris 11.28.23'!$E:$I,5,FALSE) -> 564 | D22: =AVERAGE(B22:C22) -> 563 | E22: 1 | F22: 3 | G22: 0.11651434 | H22: 205 | I22: =VLOOKUP(H22,$Q$2:$U$57,5,FALSE) -> 10% MDGS Constant | Q22: 309 | R22: 2 | S22: 5 | T22: 0.059719457 | U22: Control | V22: 309 | W22: =AVERAGEIF($H$2:$H$577,Q22,$D$2:$D$577) -> 626.7 | X22: =W22*0.4536 -> 284.27112 | Y22: ='[1]Final Performance'!AC22 -> 1354.2857 | Z22: =Y22*0.4536 -> 614.304 | AA22: ='[1]Final Performance'!AE22 -> 22.38275 | AB22: =AA22*0.4536 -> 10.152815 | AC22: 3.712172 | AD22: =AC22*0.4536 -> 1.6838412 | AE22: 1.94 | AF22: 1.29 | AG22: 2.89 | AH22: 309
A23: 4333 | B23: =VLOOKUP(A23,'[1]Nebris 11.27'!E:I,5,FALSE) -> 564 | C23: =VLOOKUP(A23,'[1]Nebris 11.28.23'!$E:$I,5,FALSE) -> 570 | D23: =AVERAGE(B23:C23) -> 567 | E23: 1 | F23: 3 | G23: 0.13354625 | H23: 206 | I23: =VLOOKUP(H23,$Q$2:$U$57,5,FALSE) -> 10% MDGS Variable | Q23: 310 | R23: 2 | S23: 5 | T23: 0.07244734 | U23: 10% MDGS Variable | V23: 310 | W23: =AVERAGEIF($H$2:$H$577,Q23,$D$2:$D$577) -> 629 | X23: =W23*0.4536 -> 285.3144 | Y23: ='[1]Final Performance'!AC23 -> 1368.4303 | Z23: =Y23*0.4536 -> 620.72 | AA23: ='[1]Final Performance'!AE23 -> 23.181072 | AB23: =AA23*0.4536 -> 10.514934 | AC23: 3.7572976 | AD23: =AC23*0.4536 -> 1.7043102 | AE23: 1.91 | AF23: 1.27 | AG23: 2.86 | AH23: 310
A24: 4700 | B24: =VLOOKUP(A24,'[1]Nebris 11.27'!E:I,5,FALSE) -> 564 | C24: =VLOOKUP(A24,'[1]Nebris 11.28.23'!$E:$I,5,FALSE) -> 570 | D24: =AVERAGE(B24:C24) -> 567 | E24: 1 | F24: 3 | G24: 0.13431988 | H24: 207 | I24: =VLOOKUP(H24,$Q$2:$U$57,5,FALSE) -> Control | Q24: 311 | R24: 2 | S24: 5 | T24: 0.6685766 | U24: 10% MDGS Constant | V24: 311 | W24: =AVERAGEIF($H$2:$H$577,Q24,$D$2:$D$577) -> 631.3 | X24: =W24*0.4536 -> 286.35768 | Y24: ='[1]Final Performance'!AC24 -> 1369.2063 | Z24: =Y24*0.4536 -> 621.072 | AA24: ='[1]Final Performance'!AE24 -> 23.779244 | AB24: =AA24*0.4536 -> 10.786265 | AC24: 3.7648283 | AD24: =AC24*0.4536 -> 1.7077261 | AE24: 1.88 | AF24: 1.24 | AG24: 2.82 | AH24: 311
... A41: 4450 | B41: =VLOOKUP(A41,'[1]Nebris 11.27'!E:I,5,FALSE) -> 570 | C41: =VLOOKUP(A41,'[1]Nebris 11.28.23'!$E:$I,5,FALSE) -> 570 | D41: =AVERAGE(B41:C41) -> 570 | E41: 1 | F41: 4 | G41: 0.98729662 | H41: 214 | I41: =VLOOKUP(H41,$Q$2:$U$57,5,FALSE) -> 25% MDGS Constant | Q41: 414 | R41: 3 | S41: 8 | T41: 0.9029848 | U41: 10% MDGS Variable | V41: 414 | W41: =AVERAGEIF($H$2:$H$577,Q41,$D$2:$D$577) -> 695.2 | X41: =W41*0.4536 -> 315.34272 | Y41: ='[1]Final Performance'!AC41 -> 1350.3175 | Z41: =Y41*0.4536 -> 612.504 | AA41: ='[1]Final Performance'!AE41 -> 24.652028 | AB41: =AA41*0.4536 -> 11.18216 | AC41: 3.5995465 | AD41: =AC41*0.4536 -> 1.6327543 | AE41: 1.8 | AF41: 1.17 | AG41: 2.72 | AH41: 414
A42: 4578 | B42: =VLOOKUP(A42,'[1]Nebris 11.27'!E:I,5,FALSE) -> 572 | C42: =VLOOKUP(A42,'[1]Nebris 11.28.23'!$E:$I,5,FALSE) -> 574 | D42: =AVERAGE(B42:C42) -> 573 | E42: 1 | F42: 5 | G42: 0.24621198 | H42: 205 | I42: =VLOOKUP(H42,$Q$2:$U$57,5,FALSE) -> 10% MDGS Constant
A43: 4407 | B43: =VLOOKUP(A43,'[1]Nebris 11.27'!E:I,5,FALSE) -> 572 | C43: =VLOOKUP(A43,'[1]Nebris 11.28.23'!$E:$I,5,FALSE) -> 576 | D43: =AVERAGE(B43:C43) -> 574 | E43: 1 | F43: 5 | G43: 0.29972765 | H43: 206 | I43: =VLOOKUP(H43,$Q$2:$U$57,5,FALSE) -> 10% MDGS Variable
A44: 4341 | B44: =VLOOKUP(A44,'[1]Nebris 11.27'!E:I,5,FALSE) -> 574 | C44: =VLOOKUP(A44,'[1]Nebris 11.28.23'!$E:$I,5,FALSE) -> 584 | D44: =AVERAGE(B44:C44) -> 579 | E44: 1 | F44: 5 | G44: 0.36184804 | H44: 207 | I44: =VLOOKUP(H44,$Q$2:$U$57,5,FALSE) -> Control
A45: 4503 | B45: =VLOOKUP(A45,'[1]Nebris 11.27'!E:I,5,FALSE) -> 572 | C45: =VLOOKUP(A45,'[1]Nebris 11.28.23'!$E:$I,5,FALSE) -> 578 | D45: =AVERAGE(B45:C45) -> 575 | E45: 1 | F45: 5 | G45: 0.42907569 | H45: 208 | I45: =VLOOKUP(H45,$Q$2:$U$57,5,FALSE) -> 25% MDGS Variable
A46: 4518 | B46: =VLOOKUP(A46,'[1]Nebris 11.27'!E:I,5,FALSE) -> 572 | C46: =VLOOKUP(A46,'[1]Nebris 11.28.23'!$E:$I,5,FALSE) -> 566 | D46: =AVERAGE(B46:C46) -> 569 | E46: 1 | F46: 5 | G46: 0.46217392 | H46: 209 | I46: =VLOOKUP(H46,$Q$2:$U$57,5,FALSE) -> 25% MDGS Constant
A47: 4613 | B47: =VLOOKUP(A47,'[1]Nebris 11.27'!E:I,5,FALSE) -> 571 | C47: =VLOOKUP(A47,'[1]Nebris 11.28.23'!$E:$I,5,FALSE) -> 580 | D47: =AVERAGE(B47:C47) -> 575.5 | E47: 1 | F47: 5 | G47: 0.51552157 | H47: 210 | I47: =VLOOKUP(H47,$Q$2:$U$57,5,FALSE) -> 10% MDGS Constant
A48: 4316 | B48: =VLOOKUP(A48,'[1]Nebris 11.27'!E:I,5,FALSE) -> 572 | C48: =VLOOKUP(A48,'[1]Nebris 11.28.23'!$E:$I,5,FALSE) -> 578 | D48: =AVERAGE(B48:C48) -> 575 | E48: 1 | F48: 5 | G48: 0.82525414 | H48: 211 | I48: =VLOOKUP(H48,$Q$2:$U$57,5,FALSE) -> Control
A49: 4468 | B49: =VLOOKUP(A49,'[1]Nebris 11.27'!E:I,5,FALSE) -> 572 | C49: =VLOOKUP(A49,'[1]Nebris 11.28.23'!$E:$I,5,FALSE) -> 572 | D49: =AVERAGE(B49:C49) -> 572 | E49: 1 | F49: 5 | G49: 0.84882639 | H49: 212 | I49: =VLOOKUP(H49,$Q$2:$U$57,5,FALSE) -> 25% MDGS Variable
A50: 4399 | B50: =VLOOKUP(A50,'[1]Nebris 11.27'!E:I,5,FALSE) -> 572 | C50: =VLOOKUP(A50,'[1]Nebris 11.28.23'!$E:$I,5,FALSE) -> 572 | D50: =AVERAGE(B50:C50) -> 572 | E50: 1 | F50: 5 | G50: 0.90711589 | H50: 213 | I50: =VLOOKUP(H50,$Q$2:$U$57,5,FALSE) -> 10% MDGS Variable
A51: 4721 | B51: =VLOOKUP(A51,'[1]Nebris 11.27'!E:I,5,FALSE) -> 570 | C51: =VLOOKUP(A51,'[1]Nebris 11.28.23'!$E:$I,5,FALSE) -> 572 | D51: =AVERAGE(B51:C51) -> 571 | E51: 1 | F51: 5 | G51: 0.9145634 | H51: 214 | I51: =VLOOKUP(H51,$Q$2:$U$57,5,FALSE) -> 25% MDGS Constant
A52: 4348 | B52: =VLOOKUP(A52,'[1]Nebris 11.27'!E:I,5,FALSE) -> 576 | C52: =VLOOKUP(A52,'[1]Nebris 11.28.23'!$E:$I,5,FALSE) -> 564 | D52: =AVERAGE(B52:C52) -> 570 | E52: 1 | F52: 6 | G52: 0.059768612 | H52: 205 | I52: =VLOOKUP(H52,$Q$2:$U$57,5,FALSE) -> 10% MDGS Constant
A53: 4424 | B53: =VLOOKUP(A53,'[1]Nebris 11.27'!E:I,5,FALSE) -> 576 | C53: =VLOOKUP(A53,'[1]Nebris 11.28.23'!$E:$I,5,FALSE) -> 582 | D53: =AVERAGE(B53:C53) -> 579 | E53: 1 | F53: 6 | G53: 0.22944019 | H53: 206 | I53: =VLOOKUP(H53,$Q$2:$U$57,5,FALSE) -> 10% MDGS Variable
... A401: 4364 | B401: =VLOOKUP(A401,'[1]Nebris 11.27'!E:I,5,FALSE) -> 756 | C401: =VLOOKUP(A401,'[1]Nebris 11.28.23'!$E:$I,5,FALSE) -> 746 | D401: =AVERAGE(B401:C401) -> 751 | E401: 3 | F401: 10 | G401: 0.96364739 | H401: 414 | I401: =VLOOKUP(H401,$Q$2:$U$57,5,FALSE) -> 10% MDGS Variable
